001,008,035 $a,074 $a,086 $a,245 $a$b,830 $a$v,856 40 $u, 
001068828,151030s1938\\\\mdu\\\\\ot\\\f000\0\eng\d, (OCoLC)927168366, 0241 (online), C 13.29:9," Structural properties of the insulated steel construction company's ""frameless-steel"" constructions for walls, partitions, floors, and roofs / ", Building materials and structures report ; 9 , https://doi.org/10.6028/NBS.BMS.9 https://www.govinfo.gov/content/pkg/GOVPUB-C13-460de8546881d0cc6a10c13565834763/pdf/GOVPUB-C13-460de8546881d0cc6a10c13565834763.pdf https://purl.fdlp.gov/GPO/gpo97288,
001068830,151030s1943\\\\mdu\\\\\ot\\\f000\0\eng\d, (OCoLC)927168467, 0241 (online), C 13.29:100, Relative slipperiness of floor and deck surfaces / , Building materials and structures report ; 100 , https://doi.org/10.6028/NBS.BMS.100 https://www.govinfo.gov/content/pkg/GOVPUB-C13-ec85067fb7033674cb81bdd373a92aee/pdf/GOVPUB-C13-ec85067fb7033674cb81bdd373a92aee.pdf https://purl.fdlp.gov/GPO/gpo104649,
001068846,151030s1949\\\\mdu\\\\\ot\\\f000\0\eng\d, (OCoLC)927168314, 0241 (online), C 13.29:116, Preparation and revision of building codes / , Building materials and structures report ; 116 , https://doi.org/10.6028/NBS.BMS.116 https://www.govinfo.gov/content/pkg/GOVPUB-C13-aba9282e42310d9a808b1d7a1d1dd9be/pdf/GOVPUB-C13-aba9282e42310d9a808b1d7a1d1dd9be.pdf https://purl.fdlp.gov/GPO/gpo101703,
001068847,151030s1950\\\\mdu\\\\\ot\\\f000\0\eng\d, (OCoLC)927168511, 0241 (online), C 13.29:117, Fire resistance of walls of lightweight-aggregate concrete masonry units / , Building materials and structures report ; 117 , https://doi.org/10.6028/NBS.BMS.117 https://www.govinfo.gov/content/pkg/GOVPUB-C13-765f6e8bb59e7f2f435ce2b1f871381d/pdf/GOVPUB-C13-765f6e8bb59e7f2f435ce2b1f871381d.pdf https://purl.fdlp.gov/GPO/gpo99435,
001068865,151030s1953\\\\mdu\\\\\ot\\\f000\0\eng\d, (OCoLC)927168542, 0241 (online), C 13.29:135, Fire tests of steel columns encased with gypsum lath and plaster / , Building materials and structures report ; 135 , https://doi.org/10.6028/NBS.BMS.135 https://www.govinfo.gov/content/pkg/GOVPUB-C13-4b8901ec535475c606e98563746ca5f1/pdf/GOVPUB-C13-4b8901ec535475c606e98563746ca5f1.pdf https://purl.fdlp.gov/GPO/gpo97638,
001068874,151030s1939\\\\mdu\\\\\ot\\\f000\0\eng\d, (OCoLC)927168345, 0241 (online), C 13.29:16," Structural properties of a ""tilecrete"" floor construction sponsored by Tilecrete Floors, Inc. / ", Building materials and structures report ; 16 , https://doi.org/10.6028/NBS.BMS.16 https://www.govinfo.gov/content/pkg/GOVPUB-C13-b69a19cc0134ed3663bb7b7cb6d5a344/pdf/GOVPUB-C13-b69a19cc0134ed3663bb7b7cb6d5a344.pdf https://purl.fdlp.gov/GPO/gpo102153,
001068875,151030s1939\\\\mdu\\\\\ot\\\f000\0\eng\d, (OCoLC)927168346, 0241 (online), C 13.29:17, Sound insulation of wall and floor constructions / , Building materials and structures report ; 17 , https://doi.org/10.6028/NBS.BMS.17 https://www.govinfo.gov/content/pkg/GOVPUB-C13-6b4cb1edeb325387d66bfb4e29efcd68/pdf/GOVPUB-C13-6b4cb1edeb325387d66bfb4e29efcd68.pdf https://purl.fdlp.gov/GPO/gpo98991,
001068876,151030s1938\\\\mdu\\\\\ot\\\f000\0\eng\d, (OCoLC)927168255, 0241 (online), C 13.29:1, Research on building materials and structures for use in low-cost housing / , Building materials and structures report ; 1 , https://doi.org/10.6028/NBS.BMS.1 https://www.govinfo.gov/content/pkg/GOVPUB-C13-a56d6241a4e358182e1c66d8eec3bfaa/pdf/GOVPUB-C13-a56d6241a4e358182e1c66d8eec3bfaa.pdf https://purl.fdlp.gov/GPO/gpo103667,
001068880,151030s1939\\\\mdu\\\\\ot\\\f000\0\eng\d, (OCoLC)927168334, 0241 (online), C 13.29:21, Structural properties of a concrete-block cavity-wall construction sponsored by the National Concrete Masonry Association / , Building materials and structures report ; 21 , https://doi.org/10.6028/NBS.BMS.21 https://www.govinfo.gov/content/pkg/GOVPUB-C13-6490e67f2c6556b6380f21b889f581da/pdf/GOVPUB-C13-6490e67f2c6556b6380f21b889f581da.pdf https://purl.fdlp.gov/GPO/gpo98742,
001068882,151030s1939\\\\mdu\\\\\ot\\\f000\0\eng\d, (OCoLC)927168385, 0241 (online), C 13.29:23," Structural properties of a brick cavity-wall construction sponsored by the Brick Manufacturers Association of New York, Inc. / ", Building materials and structures report ; 23 , https://doi.org/10.6028/NBS.BMS.23 https://www.govinfo.gov/content/pkg/GOVPUB-C13-d88fa1e53f7c5719ad4179c2b469ffa2/pdf/GOVPUB-C13-d88fa1e53f7c5719ad4179c2b469ffa2.pdf https://purl.fdlp.gov/GPO/gpo103773,
001068883,151030s1939\\\\mdu\\\\\ot\\\f000\0\eng\d, (OCoLC)927168386, 0241 (online), C 13.29:24, Structural properties of a reinforced-brick wall construction and a brick-tile cavity-wall construction sponsored by the Structural Clay Products Institute / , Building materials and structures report ; 24 , https://doi.org/10.6028/NBS.BMS.24 https://www.govinfo.gov/content/pkg/GOVPUB-C13-106da623fcfe0465983b89baa1cb616f/pdf/GOVPUB-C13-106da623fcfe0465983b89baa1cb616f.pdf https://purl.fdlp.gov/GPO/gpo94980,
001068889,151030s1939\\\\mdu\\\\\ot\\\f000\0\eng\d, (OCoLC)927169289, 0241 (online), C 13.29:30, Structural properties of a wood-frame wall construction sponsored by the Douglas Fir Plywood Association / , Building materials and structures report ; 30 , https://doi.org/10.6028/NBS.BMS.30 https://www.govinfo.gov/content/pkg/GOVPUB-C13-de122b0934cfdc7ca819e6c9961feeae/pdf/GOVPUB-C13-de122b0934cfdc7ca819e6c9961feeae.pdf https://purl.fdlp.gov/GPO/gpo105447,
001068890,151030s1939\\\\mdu\\\\\ot\\\f000\0\eng\d, (OCoLC)927169290, 0241 (online), C 13.29:32, Structural properties of two brick-concrete-block wall constructions and a concrete-block wall construction sponsored by the National Concrete Masonry Association / , Building materials and structures report ; 32 , https://doi.org/10.6028/NBS.BMS.32 https://www.govinfo.gov/content/pkg/GOVPUB-C13-4377b3fde4fe005440b5ca2f9273fe14/pdf/GOVPUB-C13-4377b3fde4fe005440b5ca2f9273fe14.pdf https://purl.fdlp.gov/GPO/gpo97190,
001068891,151030s1939\\\\mdu\\\\\ot\\\f000\0\eng\d, (OCoLC)927168406, 0241 (online), C 13.29:29, Survey of roofing materials in the northeastern states / , Building materials and structures report ; 29 , https://doi.org/10.6028/NBS.BMS.29 https://www.govinfo.gov/content/pkg/GOVPUB-C13-1491822b3964768077ee86e1f1afdd05/pdf/GOVPUB-C13-1491822b3964768077ee86e1f1afdd05.pdf https://purl.fdlp.gov/GPO/gpo95259,
001068892,151030s1945\\\\mdu\\\\\ot\\\f000\0\eng\d, (OCoLC)927169291, 0241 (online), C 13.29:105, Paint manual / , Building materials and structures report ; 105 , https://doi.org/10.6028/NBS.BMS.105 https://www.govinfo.gov/content/pkg/GOVPUB-C13-67f44fcce7c2c10e148d74789a247639/pdf/GOVPUB-C13-67f44fcce7c2c10e148d74789a247639.pdf https://purl.fdlp.gov/GPO/gpo98868,
001068896,151030s1954\\\\mdu\\\\\ot\\\f000\0\eng\d, (OCoLC)927169323, 0241 (online), C 13.29:142, Frost closure of rood vents in plumbing systems / , Building materials and structures report ; 142 , https://doi.org/10.6028/NBS.BMS.142 https://www.govinfo.gov/content/pkg/GOVPUB-C13-273090d72b9980d2047c7f60b055e21e/pdf/GOVPUB-C13-273090d72b9980d2047c7f60b055e21e.pdf https://purl.fdlp.gov/GPO/gpo95920,
001068909,151030s1940\\\\mdu\\\\\ot\\\f000\0\eng\d, (OCoLC)927168409, 0241 (online), C 13.29:34, Performance test of floor coverings for use in low-cost housing :  part 1 /, Building materials and structures report ; 34 , https://doi.org/10.6028/NBS.BMS.34 https://www.govinfo.gov/content/pkg/GOVPUB-C13-1b7876ed34335d60977941eef3170e21/pdf/GOVPUB-C13-1b7876ed34335d60977941eef3170e21.pdf https://purl.fdlp.gov/GPO/gpo95661,
001068911,151030s1940\\\\mdu\\\\\ot\\\f000\0\eng\d, (OCoLC)927168411, 0241 (online), C 13.29:36," Structural properties of a wood-frame wall, partition, floor, and roof constructions with ""red stripe"" lath sponsored by the Weston Paper and Manufacturing Co. / ", Building materials and structures report ; 36 , https://doi.org/10.6028/NBS.BMS.36 https://www.govinfo.gov/content/pkg/GOVPUB-C13-47ee3b89a4ec9c543e3224e1dd28aa7e/pdf/GOVPUB-C13-47ee3b89a4ec9c543e3224e1dd28aa7e.pdf https://purl.fdlp.gov/GPO/gpo97500,
001068913,151030s1940\\\\mdu\\\\\ot\\\f000\0\eng\d, (OCoLC)927168413, 0241 (online), C 13.29:38," Structural properties of two ""dunstone"" wall constructions sponsored by the W. E. Dunn Manufacturing Co. / ", Building materials and structures report ; 38 , https://doi.org/10.6028/NBS.BMS.38 https://www.govinfo.gov/content/pkg/GOVPUB-C13-23cf79b3fc3787307a3c0c70bb147dcc/pdf/GOVPUB-C13-23cf79b3fc3787307a3c0c70bb147dcc.pdf https://purl.fdlp.gov/GPO/gpo95839,
001068914,151030s1938\\\\mdu\\\\\ot\\\f000\0\eng\d, (OCoLC)927168257, 0241 (online), C 13.29:3, Suitability of fiber insulating lath as a plaster base / , Building materials and structures report ; 3 , https://doi.org/10.6028/NBS.BMS.3 https://www.govinfo.gov/content/pkg/GOVPUB-C13-e8e9a08becf2687831b9bec07bdf3d91/pdf/GOVPUB-C13-e8e9a08becf2687831b9bec07bdf3d91.pdf https://purl.fdlp.gov/GPO/gpo104494,
001068915,151030s1940\\\\mdu\\\\\ot\\\f000\0\eng\d, (OCoLC)927168414, 0241 (online), C 13.29:39," Structural properties of a wall construction of ""pfeifer units"" sponsored by the Wisconsin Units Company / ", Building materials and structures report ; 39 , https://doi.org/10.6028/NBS.BMS.39 https://www.govinfo.gov/content/pkg/GOVPUB-C13-5a38c5234698d563c93ef495edd8a16c/pdf/GOVPUB-C13-5a38c5234698d563c93ef495edd8a16c.pdf https://purl.fdlp.gov/GPO/gpo98317,
001068916,151030s1940\\\\mdu\\\\\ot\\\f000\0\eng\d, (OCoLC)927168401, 0241 (online), C 13.29:40," Structural properties of a wall construction of ""knap concrete wall units"" sponsored by Knap America Inc. / ", Building materials and structures report ; 40 , https://doi.org/10.6028/NBS.BMS.40 https://www.govinfo.gov/content/pkg/GOVPUB-C13-4eac4cd4904dcab0fa6162e1fe475148/pdf/GOVPUB-C13-4eac4cd4904dcab0fa6162e1fe475148.pdf https://purl.fdlp.gov/GPO/gpo98222,
001068918,151030s1940\\\\mdu\\\\\ot\\\f000\0\eng\d, (OCoLC)927168403, 0241 (online), C 13.29:42," Structural properties of a wood-frame wall and partition constructions with ""celotex"" insulating boards sponsored by the Celotex Corporation / ", Building materials and structures report ; 42 , https://doi.org/10.6028/NBS.BMS.42 https://www.govinfo.gov/content/pkg/GOVPUB-C13-31ea54ee71956acf80ba9586a7bca638/pdf/GOVPUB-C13-31ea54ee71956acf80ba9586a7bca638.pdf https://purl.fdlp.gov/GPO/gpo96804,
001068919,151030s1940\\\\mdu\\\\\ot\\\f000\0\eng\d, (OCoLC)927168404, 0241 (online), C 13.29:43, Performance test of floor coverings for use in low-cost housing :  part 2 /, Building materials and structures report ; 43 , https://doi.org/10.6028/NBS.BMS.43 https://www.govinfo.gov/content/pkg/GOVPUB-C13-fd874471ec63c2d0c0393542459e6006/pdf/GOVPUB-C13-fd874471ec63c2d0c0393542459e6006.pdf https://purl.fdlp.gov/GPO/gpo105330,
001068921,151030s1940\\\\mdu\\\\\ot\\\f000\0\eng\d, (OCoLC)927168420, 0241 (online), C 13.29:45, Air infilteration through windows / , Building materials and structures report ; 45 , https://doi.org/10.6028/NBS.BMS.45 https://www.govinfo.gov/content/pkg/GOVPUB-C13-eefc8d2e1f9ab9032a3b82f301d8b2c7/pdf/GOVPUB-C13-eefc8d2e1f9ab9032a3b82f301d8b2c7.pdf https://purl.fdlp.gov/GPO/gpo104745,
001068923,151030s1940\\\\mdu\\\\\ot\\\f000\0\eng\d, (OCoLC)927168422, 0241 (online), C 13.29:47," Structural properties of prefabricated wood-frame constructions for walls, partitions, and floors sponsored by American Houses, Inc. / ", Building materials and structures report ; 47 , https://doi.org/10.6028/NBS.BMS.47 https://www.govinfo.gov/content/pkg/GOVPUB-C13-33040f4da2ee86ab71e09f090e4ba6d1/pdf/GOVPUB-C13-33040f4da2ee86ab71e09f090e4ba6d1.pdf https://purl.fdlp.gov/GPO/gpo96820,
001068930,151030s1940\\\\mdu\\\\\ot\\\f000\0\eng\d, (OCoLC)927168327, 0241 (online), C 13.29:53," Structural properties of a masonry wall construction of ""munlock dry wall brick"" sponsored by the Munlock Engineering Co. / ", Building materials and structures report ; 53 , https://doi.org/10.6028/NBS.BMS.53 https://www.govinfo.gov/content/pkg/GOVPUB-C13-090ad486d904445749bd559910a40e7e/pdf/GOVPUB-C13-090ad486d904445749bd559910a40e7e.pdf https://purl.fdlp.gov/GPO/gpo94751,
001068944,151030s1940\\\\mdu\\\\\ot\\\f000\0\eng\d, (OCoLC)927168382, 0241 (online), C 13.29:66, Plumbing manual / , Building materials and structures report ; 66 , https://doi.org/10.6028/NBS.BMS.66 https://www.govinfo.gov/content/pkg/GOVPUB-C13-f181dc241045a63f3355422ecf6a04eb/pdf/GOVPUB-C13-f181dc241045a63f3355422ecf6a04eb.pdf https://purl.fdlp.gov/GPO/gpo104847,
001068946,151030s1941\\\\mdu\\\\\ot\\\f000\0\eng\d, (OCoLC)927168384, 0241 (online), C 13.29:68, Performance test of floor coverings for use in low-cost housing :  part 3 /, Building materials and structures report ; 68 , https://doi.org/10.6028/NBS.BMS.68 https://www.govinfo.gov/content/pkg/GOVPUB-C13-41c52d228a438a115ba3778dc586834d/pdf/GOVPUB-C13-41c52d228a438a115ba3778dc586834d.pdf https://purl.fdlp.gov/GPO/gpo97131,
001068953,151030s1941\\\\mdu\\\\\ot\\\f000\0\eng\d, (OCoLC)927168432, 0241 (online), C 13.29:74," Structural and heat-transfer properties of ""U.S.S. panelbilt"" prefabricated sheet-steel constructions for walls, partitions, and roofs sponsored by the Tennessee Coal, Iron & Railroad Co. / ", Building materials and structures report ; 74 , https://doi.org/10.6028/NBS.BMS.74 https://www.govinfo.gov/content/pkg/GOVPUB-C13-39db00d515ac690e44297ea63b594262/pdf/GOVPUB-C13-39db00d515ac690e44297ea63b594262.pdf https://purl.fdlp.gov/GPO/gpo96918,
001068954,151030s1941\\\\mdu\\\\\ot\\\f000\0\eng\d, (OCoLC)927168433, 0241 (online), C 13.29:75, Survey of roofing materials in the north central states / , Building materials and structures report ; 75 , https://doi.org/10.6028/NBS.BMS.75 https://www.govinfo.gov/content/pkg/GOVPUB-C13-f4e219105e9def8debad4b848338a2f5/pdf/GOVPUB-C13-f4e219105e9def8debad4b848338a2f5.pdf https://purl.fdlp.gov/GPO/gpo104974,
001068958,151030s1938\\\\mdu\\\\\ot\\\f000\0\eng\d, (OCoLC)927168364, 0241 (online), C 13.29:7, Water permeability of masonry walls / , Building materials and structures report ; 7 , https://doi.org/10.6028/NBS.BMS.7 https://www.govinfo.gov/content/pkg/GOVPUB-C13-c77fc1e6fedca1e05e6360c82c9e9328/pdf/GOVPUB-C13-c77fc1e6fedca1e05e6360c82c9e9328.pdf https://purl.fdlp.gov/GPO/gpo103670,
001068964,151030s1942\\\\mdu\\\\\ot\\\f000\0\eng\d, (OCoLC)927168446, 0241 (online), C 13.29:84, Survey of roofing materials in the south central states / , Building materials and structures report ; 84 , https://doi.org/10.6028/NBS.BMS.84 https://www.govinfo.gov/content/pkg/GOVPUB-C13-e3cbbef1a1ef691948def07250eba687/pdf/GOVPUB-C13-e3cbbef1a1ef691948def07250eba687.pdf https://purl.fdlp.gov/GPO/gpo104295,
001068966,151030s1942\\\\mdu\\\\\ot\\\f000\0\eng\d, (OCoLC)927168456, 0241 (online), C 13.29:86," Structural, heat-transfer, and water-permeability properties of ""speedbrik"" wall construction sponsored by the General Shale Products Corporation / ", Building materials and structures report ; 86 , https://doi.org/10.6028/NBS.BMS.86 https://www.govinfo.gov/content/pkg/GOVPUB-C13-7f9d166f0184fa3f88cf928e438c92ce/pdf/GOVPUB-C13-7f9d166f0184fa3f88cf928e438c92ce.pdf https://purl.fdlp.gov/GPO/gpo99803,
001068969,151030s1938\\\\mdu\\\\\ot\\\f000\0\eng\d, (OCoLC)927168365, 0241 (online), C 13.29:8, Methods of investigation of surface treatment for corrosion protection of steel / , Building materials and structures report ; 8 , https://doi.org/10.6028/NBS.BMS.8 https://www.govinfo.gov/content/pkg/GOVPUB-C13-a56cddf685b67e1b20558fc582b715c8/pdf/GOVPUB-C13-a56cddf685b67e1b20558fc582b715c8.pdf https://purl.fdlp.gov/GPO/gpo103666,
001068970,151030s1942\\\\mdu\\\\\ot\\\f000\0\eng\d, (OCoLC)927168459, 0241 (online), C 13.29:89," Structural properties of ""precision-built, Jr."" (second construction) prefabricated wood-frame wall construction sponsored by the Homasote Co. / ", Building materials and structures report ; 89 , https://doi.org/10.6028/NBS.BMS.89 https://www.govinfo.gov/content/pkg/GOVPUB-C13-c4f30d8bddaba754d36f1d9aa6cd757d/pdf/GOVPUB-C13-c4f30d8bddaba754d36f1d9aa6cd757d.pdf https://purl.fdlp.gov/GPO/gpo102762,
001116131,110725s1953\\\\dcua\\\\ob\\\f000\0\eng\d, (OCoLC)742379103, 0241 (online), C 13.29:137, Influence of the wash from bronze on the weathering of marble / , Building materials and structures report ; 137 , https://purl.fdlp.gov/GPO/gpo98537 https://www.govinfo.gov/content/pkg/GOVPUB-C13-5f4b99e3fdb2ebffeac58dc73c927c4d/pdf/GOVPUB-C13-5f4b99e3fdb2ebffeac58dc73c927c4d.pdf,
001116132,100423s1942\\\\dcu\\\\\o\\\\f000\0\eng\d, (OCoLC)608739259, 0241 (online), C 13.29:81," Field inspectors' check list for building construction  Report of Subcommittee on structure, Central housing committee on research, design, and construction.", Building materials and structures report ; 81 , https://purl.fdlp.gov/GPO/gpo104673 https://www.govinfo.gov/content/pkg/GOVPUB-C13-ed395657efed5db7c34ba7294e341ad1/pdf/GOVPUB-C13-ed395657efed5db7c34ba7294e341ad1.pdf,
001116133,110523s1942\\\\dcua\\\\obt\\f000\0\eng\d, (OCoLC)726766620, 0241 (online), C 13.29:83, Strength of sleeve joints in copper tubing made with various lead-base solders / , Building materials and structures report ; 83 , https://purl.fdlp.gov/GPO/gpo101768 https://www.govinfo.gov/content/pkg/GOVPUB-C13-ad3b5221cbb6b046ffa6e29ae61b2853/pdf/GOVPUB-C13-ad3b5221cbb6b046ffa6e29ae61b2853.pdf,
001116134,110523s1939\\\\dcua\\\\obt\\f000\0\eng\d, (OCoLC)726766626, 0241 (online), C 13.29:31," Structural properties of ""Insulite"" wall and ""Insulite"" partition constructions sponsored by the Insulite Co / ", Building materials and structures report ; 31 , https://purl.fdlp.gov/GPO/gpo98313 https://www.govinfo.gov/content/pkg/GOVPUB-C13-5a11f0c4336126e4b3d0cc953132f311/pdf/GOVPUB-C13-5a11f0c4336126e4b3d0cc953132f311.pdf,
001116135,110523s1957\\\\dcua\\\\obt\\f000\0\eng\d, (OCoLC)726766630, 0241 (online), C 13.29:149, Combustible contents in buildings / , Building materials and structures report ; 149 , https://purl.fdlp.gov/GPO/gpo102185 https://www.govinfo.gov/content/pkg/GOVPUB-C13-b7787688f6db030705df738e6a93209c/pdf/GOVPUB-C13-b7787688f6db030705df738e6a93209c.pdf,
001116136,110523s1940\\\\dcua\\\\obt\\f000\0\eng\d, (OCoLC)726766633, 0241 (online), C 13.29:61, Structural properties of two nonreinforced monolithic concrete wall constructions / , Building materials and structures report ; 61 , https://purl.fdlp.gov/GPO/gpo103852 https://www.govinfo.gov/content/pkg/GOVPUB-C13-daa0eee11783ac261faf25e696b6e037/pdf/GOVPUB-C13-daa0eee11783ac261faf25e696b6e037.pdf,
001116137,110523s1943\\\\dcua\\\\ot\\\f000\0\eng\d, (OCoLC)726766634, 0241 (online), C 13.29:99," Structural and heat-transfer properties of ""Multiple box-girder plywood panels"" for walls, floors, and roofs sponsored by Loren H. Wittner / ", Building materials and structures report ; 99 , https://purl.fdlp.gov/GPO/gpo104271 https://www.govinfo.gov/content/pkg/GOVPUB-C13-e36febdd7fbfd9f85c4bf65fb9cf1090/pdf/GOVPUB-C13-e36febdd7fbfd9f85c4bf65fb9cf1090.pdf,
001116138,110523s1957\\\\dcua\\\\obt\\f000\0\eng\d, (OCoLC)726766635, 0241 (online), C 13.29:150, Methods of testing small fire extinguishers / , Building materials and structures report ; 150 , https://purl.fdlp.gov/GPO/gpo101176 https://www.govinfo.gov/content/pkg/GOVPUB-C13-9eadd9f98ca034da375ae7326f5dc1a9/pdf/GOVPUB-C13-9eadd9f98ca034da375ae7326f5dc1a9.pdf,
001116139,110523s1938\\\\dcua\\\\ot\\\f000\0\eng\d, (OCoLC)726767118, 0241 (online), C 13.29:11," Structural properties of the Curren Fabrihome Corporation's ""Fabrihome"" constructions for walls and partitions / ", Building materials and structures report ; 11 , https://purl.fdlp.gov/GPO/gpo103142 https://www.govinfo.gov/content/pkg/GOVPUB-C13-ce5348ec4f69614d086169dd5a829e15/pdf/GOVPUB-C13-ce5348ec4f69614d086169dd5a829e15.pdf,
001116140,110523s1940\\\\dcua\\\\obt\\f000\0\eng\d, (OCoLC)726767119, 0241 (online), C 13.29:62, Structural properties of a precast joist concrete floor construction sponsored by the Portland Cement Association / , Building materials and structures report ; 62 , https://purl.fdlp.gov/GPO/gpo99020 https://www.govinfo.gov/content/pkg/GOVPUB-C13-6bfdc8e7db9512024cf50d20b0d76eec/pdf/GOVPUB-C13-6bfdc8e7db9512024cf50d20b0d76eec.pdf,
001116141,110523s1938\\\\dcua\\\\obt\\f000\0\eng\d, (OCoLC)726767123, 0241 (online), C 13.29:10," Structural properties of one of the ""Keystone Beam Steel Floor"" constructions / ", Building materials and structures report ; 10 , https://purl.fdlp.gov/GPO/gpo103669 https://www.govinfo.gov/content/pkg/GOVPUB-C13-b3eb07c55c689852cb17ff6d3d2809c2/pdf/GOVPUB-C13-b3eb07c55c689852cb17ff6d3d2809c2.pdf,
001116142,110523s1940\\\\dcua\\\\obt\\f000\0\eng\d, (OCoLC)726767124, 0241 (online), C 13.29:63, Moisture condensation in building walls / , Building materials and structures report ; 63 , https://purl.fdlp.gov/GPO/gpo104775 https://www.govinfo.gov/content/pkg/GOVPUB-C13-efbc795891c57073d1360675dc664c19/pdf/GOVPUB-C13-efbc795891c57073d1360675dc664c19.pdf,
001116143,110523s1941\\\\dcua\\\\ot\\\f000\0\eng\d, (OCoLC)726767127, 0241 (online), C 13.29:64, Solar heating of various surfaces / , Building materials and structures report ; 64 , https://purl.fdlp.gov/GPO/gpo103202 https://www.govinfo.gov/content/pkg/GOVPUB-C13-cfdb72f0c90b47d04ecab316c555b7e6/pdf/GOVPUB-C13-cfdb72f0c90b47d04ecab316c555b7e6.pdf,
001116144,110523s1952\\\\dcua\\\\obt\\f000\0\eng\d, (OCoLC)726767134, 0241 (online), C 13.29:134, Fire resistance of concrete floors / , Building materials and structures report ; 134 , https://purl.fdlp.gov/GPO/gpo100307 https://www.govinfo.gov/content/pkg/GOVPUB-C13-87dbd2c74fafb5245080d7456191614e/pdf/GOVPUB-C13-87dbd2c74fafb5245080d7456191614e.pdf,
001116145,110523s1939\\\\dcua\\\\ot\\\f000\0\eng\d, (OCoLC)726767137, 0241 (online), C 13.29:22," Structural properties of ""Dun-Ti-Stone"" wall construction sponsored by the W.E. Dunn Manufacturing Company / ", Building materials and structures report ; 22 , https://purl.fdlp.gov/GPO/gpo100975 https://www.govinfo.gov/content/pkg/GOVPUB-C13-98cc175ed1b0fe10190afc2d7236c2eb/pdf/GOVPUB-C13-98cc175ed1b0fe10190afc2d7236c2eb.pdf,
001116146,110523s1941\\\\dcua\\\\ot\\\f000\0\eng\d, (OCoLC)726767143, 0241 (online), C 13.29:76, Effect of outdoor exposure on the water permeability of masonry walls / , Building materials and structures report ; 76 , https://purl.fdlp.gov/GPO/gpo99862 https://www.govinfo.gov/content/pkg/GOVPUB-C13-8149e2ef12d8618fda787de20d79c6dc/pdf/GOVPUB-C13-8149e2ef12d8618fda787de20d79c6dc.pdf,
001116147,110523s1939\\\\dcua\\\\obt\\f000\0\eng\d, (OCoLC)726767149, 0241 (online), C 13.29:25," Structural properties of conventional wood-frame constructions for walls, partitions, floors, and roofs / ", Building materials and structures report ; 25 , https://purl.fdlp.gov/GPO/gpo94503 https://www.govinfo.gov/content/pkg/GOVPUB-C13-04885ce424b155b1e78ca70b46554a33/pdf/GOVPUB-C13-04885ce424b155b1e78ca70b46554a33.pdf,
001116148,110523s1947\\\\dcua\\\\obt\\f000\0\eng\d, (OCoLC)726767150, 0241 (online), C 13.29:108, Temperature distribution in a test bungalow with various heating devices / , Building materials and structures report ; 108 , https://purl.fdlp.gov/GPO/gpo94614 https://www.govinfo.gov/content/pkg/GOVPUB-C13-05b8f1d0f402e79f2cec86fad99a92c2/pdf/GOVPUB-C13-05b8f1d0f402e79f2cec86fad99a92c2.pdf,
001116149,110523s1941\\\\dcua\\\\obt\\f000\0\eng\d, (OCoLC)726767157, 0241 (online), C 13.29:78," Structural, heat-transfer, and water-permeability properties of five earth-wall constructions / ", Building materials and structures report ; 78 , https://purl.fdlp.gov/GPO/gpo96862 https://www.govinfo.gov/content/pkg/GOVPUB-C13-35831389ac6dcc799d78b5e5f081d745/pdf/GOVPUB-C13-35831389ac6dcc799d78b5e5f081d745.pdf,
001116150,110523s1939\\\\dcua\\\\ot\\\f000\0\eng\d, (OCoLC)726767164, 0241 (online), C 13.29:27," Structural properties of ""Bender steel home"" wall construction sponsored by the Bender Body Company / ", Building materials and structures report ; 27 , https://purl.fdlp.gov/GPO/gpo99153 https://www.govinfo.gov/content/pkg/GOVPUB-C13-6f5eed55031d35ca7bde03325c05a3e7/pdf/GOVPUB-C13-6f5eed55031d35ca7bde03325c05a3e7.pdf,
001116151,110523s1946\\\\dcua\\\\obt\\f000\0\eng\d, (OCoLC)726767165, 0241 (online), C 13.29:106, Laboratory observations of condensation in wall specimens / , Building materials and structures report ; 106 , https://purl.fdlp.gov/GPO/gpo96192 https://www.govinfo.gov/content/pkg/GOVPUB-C13-2c38f82f2e818e7706b3c781ba2d7d94/pdf/GOVPUB-C13-2c38f82f2e818e7706b3c781ba2d7d94.pdf,
001116152,110523s1941\\\\dcua\\\\obt\\f000\0\eng\d, (OCoLC)726767166, 0241 (online), C 13.29:79, Water-distributing systems for buildings / , Building materials and structures report ; 79 , https://purl.fdlp.gov/GPO/gpo97728 https://www.govinfo.gov/content/pkg/GOVPUB-C13-4ddff2f9f57996b47436b204d9bc7acd/pdf/GOVPUB-C13-4ddff2f9f57996b47436b204d9bc7acd.pdf,
001116153,110523s1945\\\\dcua\\\\ot\\\f000\0\eng\d, (OCoLC)726767170, 0241 (online), C 13.29:104," Structural properties of prefabricated plywood lightweight constructions for walls, partitions, floors, and roofs sponsored by the Douglas Fir Plywood Association / ", Building materials and structures report ; 104 , https://purl.fdlp.gov/GPO/gpo99133 https://www.govinfo.gov/content/pkg/GOVPUB-C13-6eeff57c5d1c7edc619ea8aacc3dcc60/pdf/GOVPUB-C13-6eeff57c5d1c7edc619ea8aacc3dcc60.pdf,
001116154,110523s1942\\\\dcua\\\\ot\\\f000\0\eng\d, (OCoLC)726767171, 0241 (online), C 13.29:80, Performance test of floor coverings for use in low-cost housing. , Building materials and structures report ; 80 , https://purl.fdlp.gov/GPO/gpo98170 https://www.govinfo.gov/content/pkg/GOVPUB-C13-4811104a10f16fb1ffbff0a095809645/pdf/GOVPUB-C13-4811104a10f16fb1ffbff0a095809645.pdf,
001116155,110523s1938\\\\dcua\\\\obt\\f000\0\eng\d, (OCoLC)726772353, 0241 (online), C 13.29:5, Structural properties of six masonry wall constructions / , Building materials and structures report ; 5 , https://purl.fdlp.gov/GPO/gpo98957 https://www.govinfo.gov/content/pkg/GOVPUB-C13-6a7a65659e2af05de297bc7aa52d90c9/pdf/GOVPUB-C13-6a7a65659e2af05de297bc7aa52d90c9.pdf,
001116156,110523s1938\\\\dcua\\\\ot\\\f000\0\eng\d, (OCoLC)726772760, 0241 (online), C 13.29:2, Methods of determining the structural properties of low-cost house constructions / , Building materials and structures report ; 2 , https://purl.fdlp.gov/GPO/gpo96038 https://www.govinfo.gov/content/pkg/GOVPUB-C13-25d9a5b6a6cf06adbd816b5c2579d3bb/pdf/GOVPUB-C13-25d9a5b6a6cf06adbd816b5c2579d3bb.pdf,
001116157,110523s1951\\\\dcua\\\\obt\\f000\0\eng\d, (OCoLC)726773628, 0241 (online), C 13.29:123, Fire tests of wood-framed walls and partitions with asbestos-cement facings / , Building materials and structures report ; 123 , https://purl.fdlp.gov/GPO/gpo100961 https://www.govinfo.gov/content/pkg/GOVPUB-C13-9874a30f4063c402e013922dc7ea8955/pdf/GOVPUB-C13-9874a30f4063c402e013922dc7ea8955.pdf,
001116158,110523s1940\\\\dcua\\\\obt\\f000\0\eng\d, (OCoLC)726773661, 0241 (online), C 13.29:44, Surface treatment of steel prior to painting / , Building materials and structures report ; 44 , https://purl.fdlp.gov/GPO/gpo100273 https://www.govinfo.gov/content/pkg/GOVPUB-C13-86f179a2e792c444bd0c5986fb2ba89e/pdf/GOVPUB-C13-86f179a2e792c444bd0c5986fb2ba89e.pdf,
001116159,110523s1957\\\\dcua\\\\obt\\f000\0\eng\d, (OCoLC)726773672, 0241 (online), C 13.29:148, Fifteen-year exposure test of porcelain enamels / , Building materials and structures report ; 148 , https://purl.fdlp.gov/GPO/gpo96343 https://www.govinfo.gov/content/pkg/GOVPUB-C13-29725cba00f41bf7cae8a33c4f6b1109/pdf/GOVPUB-C13-29725cba00f41bf7cae8a33c4f6b1109.pdf,
001116160,110523e19510525dcua\\\\obt\\f000\0\eng\d, (OCoLC)726773676, 0241 (online), C 13.29:124, Fire tests of steel columns protected with siliceous aggregate concrete / , Building materials and structures report ; 124 , https://purl.fdlp.gov/GPO/gpo102326 https://www.govinfo.gov/content/pkg/GOVPUB-C13-bb1afca19be2e3c1b8a402ea2a197d84/pdf/GOVPUB-C13-bb1afca19be2e3c1b8a402ea2a197d84.pdf,
001116161,110523s1952\\\\dcua\\\\obt\\f000\0\eng\d, (OCoLC)726773735, 0241 (online), C 13.29:127, Effect of aging on the soundness of regularly hydrated dolomitic lime putties / , Building materials and structures report ; 127 , https://purl.fdlp.gov/GPO/gpo100353 https://www.govinfo.gov/content/pkg/GOVPUB-C13-8930f106f53fc231d1c30707737bd095/pdf/GOVPUB-C13-8930f106f53fc231d1c30707737bd095.pdf,
001116162,110523s1940\\\\dcu\\\\\ot\\\f000\0\eng\d, (OCoLC)726773783, 0241 (online), C 13.29:41, Effect of heating and cooling on the permeability of masonry walls / , Building materials and structures report ; 41 , https://purl.fdlp.gov/GPO/gpo105058 https://www.govinfo.gov/content/pkg/GOVPUB-C13-f6f82b0303d91adc5fa64585a33dbd46/pdf/GOVPUB-C13-f6f82b0303d91adc5fa64585a33dbd46.pdf,
001116163,110523s1940\\\\dcua\\\\obt\\f000\0\eng\d, (OCoLC)726773797, 0241 (online), C 13.29:33, Plastic calking materials / , Building materials and structures report ; 33 , https://purl.fdlp.gov/GPO/gpo95662 https://www.govinfo.gov/content/pkg/GOVPUB-C13-1f445740b8af0e1a822c17c602380300/pdf/GOVPUB-C13-1f445740b8af0e1a822c17c602380300.pdf,
001116164,110523s1941\\\\dcua\\\\obt\\f000\0\eng\d, (OCoLC)726773800, 0241 (online), C 13.29:69, Stability of fiber sheathing boards as determined by accelerated aging / , Building materials and structures report ; 69 , https://purl.fdlp.gov/GPO/gpo97079 https://www.govinfo.gov/content/pkg/GOVPUB-C13-401b4b5a88a821991f04c9cf17995bc7/pdf/GOVPUB-C13-401b4b5a88a821991f04c9cf17995bc7.pdf,
001116165,110523s1952\\\\dcua\\\\obt\\f000\0\eng\d, (OCoLC)726773808, 0241 (online), C 13.29:128, Atmospheric exposure tests of nailed sheet-metal building materials / , Building materials and structures report ; 128 , https://purl.fdlp.gov/GPO/gpo100031 https://www.govinfo.gov/content/pkg/GOVPUB-C13-603587f4e94d4b12ce42d4621e77b282/pdf/GOVPUB-C13-603587f4e94d4b12ce42d4621e77b282.pdf,
001116166,110523s1941\\\\dcua\\\\obt\\f000\0\eng\d, (OCoLC)726773848, 0241 (online), C 13.29:70, Asphalt-prepared roll roofings and shingles / , Building materials and structures report ; 70 , https://purl.fdlp.gov/GPO/gpo98128 https://www.govinfo.gov/content/pkg/GOVPUB-C13-58a4d9017eaba461306e30416c8bb4cf/pdf/GOVPUB-C13-58a4d9017eaba461306e30416c8bb4cf.pdf,
001116167,110523s1955\\\\dcua\\\\obt\\f000\0\eng\d, (OCoLC)726773879, 0241 (online), C 13.29:144, Sound insulation of wall and floor constructions / , Building materials and structures report ; 144 , https://purl.fdlp.gov/GPO/gpo102296 https://www.govinfo.gov/content/pkg/GOVPUB-C13-ba6463f3e57c48f63cbb93037927886e/pdf/GOVPUB-C13-ba6463f3e57c48f63cbb93037927886e.pdf,
001116168,110523s1959\\\\dcuab\\\obt\\f000\0\eng\d, (OCoLC)726773884, 0241 (online), C 13.29:152, Wind pressures in various areas of the United States / , Building materials and structures report ; 152 , https://purl.fdlp.gov/GPO/gpo100897 https://www.govinfo.gov/content/pkg/GOVPUB-C13-96985edc22caa9ba7e9d0b744379bd9c/pdf/GOVPUB-C13-96985edc22caa9ba7e9d0b744379bd9c.pdf,
001116169,110523s1941\\\\dcua\\\\obt\\f000\0\eng\d, (OCoLC)726773936, 0241 (online), C 13.29:73, Indentation characteristics of floor coverings / , Building materials and structures report ; 73 , https://purl.fdlp.gov/GPO/gpo94782 https://www.govinfo.gov/content/pkg/GOVPUB-C13-09b13dc186064de544af756fa4b6bd41/pdf/GOVPUB-C13-09b13dc186064de544af756fa4b6bd41.pdf,
001116170,110523e19540823dcua\\\\obt\\f000\0\eng\d, (OCoLC)726773956, 0241 (online), C 13.29:141, Fire endurance of open-web steel-joist floors with concrete slabs and gypsum ceilings / , Building materials and structures report ; 141 , https://purl.fdlp.gov/GPO/gpo95042 https://www.govinfo.gov/content/pkg/GOVPUB-C13-0f810889caffe5f6e6cf910065a569e7/pdf/GOVPUB-C13-0f810889caffe5f6e6cf910065a569e7.pdf,
001116171,110523s1959\\\\dcu\\\\\ob\\\f001\0\eng\d, (OCoLC)726773962, 0241 (online), C 13.29:140, Selected bibliography on building construction and maintenance / , Building materials and structures report ; 140 , https://purl.fdlp.gov/GPO/gpo95366 https://www.govinfo.gov/content/pkg/GOVPUB-C13-1a466cd8a9bf1d182bb03e56e64f352e/pdf/GOVPUB-C13-1a466cd8a9bf1d182bb03e56e64f352e.pdf,
001116172,110523s1950\\\\dcua\\\\obt\\f000\0\eng\d, (OCoLC)726773963, 0241 (online), C 13.29:119, Wet venting of plumbing fixtures / , Building materials and structures report ; 119 , https://purl.fdlp.gov/GPO/gpo103838 https://www.govinfo.gov/content/pkg/GOVPUB-C13-da623e8f92826d091f422c0cfa2d0fbe/pdf/GOVPUB-C13-da623e8f92826d091f422c0cfa2d0fbe.pdf,
001116173,110523s1940\\\\dcu\\\\\ot\\\f000\0\eng\d, (OCoLC)726773969, 0241 (online), C 13.29:50, Stability of fiber building boards as determined by accelerated aging / , Building materials and structures report ; 50 , https://purl.fdlp.gov/GPO/gpo100830 https://www.govinfo.gov/content/pkg/GOVPUB-C13-953e9c98a387b6ba61adb3109358d79b/pdf/GOVPUB-C13-953e9c98a387b6ba61adb3109358d79b.pdf,
001116174,110523s1953\\\\dcua\\\\obt\\f000\0\eng\d, (OCoLC)726773970, 0241 (online), C 13.29:139, Studies of stone-setting mortars / , Building materials and structures report ; 139 , https://purl.fdlp.gov/GPO/gpo101824 https://www.govinfo.gov/content/pkg/GOVPUB-C13-aeba98cca33e504c2a75eb3217f936a7/pdf/GOVPUB-C13-aeba98cca33e504c2a75eb3217f936a7.pdf,
001116175,110523s1941\\\\dcua\\\\obt\\f000\0\eng\d, (OCoLC)726773976, 0241 (online), C 13.29:77, Properties and performance of fiber tile boards / , Building materials and structures report ; 77 , https://purl.fdlp.gov/GPO/gpo101673 https://www.govinfo.gov/content/pkg/GOVPUB-C13-aadbf6e044fbde314b29ea938a731d69/pdf/GOVPUB-C13-aadbf6e044fbde314b29ea938a731d69.pdf,
001116176,110523s1939\\\\dcua\\\\obt\\f000\0\eng\d, (OCoLC)726773978, 0241 (online), C 13.29:19, Preparation and revision of building codes / , Building materials and structures report ; 19 , https://purl.fdlp.gov/GPO/gpo98579 https://www.govinfo.gov/content/pkg/GOVPUB-C13-603cf041fa1bbb01bbdd1fd115a8fc36/pdf/GOVPUB-C13-603cf041fa1bbb01bbdd1fd115a8fc36.pdf,
001116177,110523e19391009dcua\\\\ot\\\f000\0\eng\d, (OCoLC)726773979, 0241 (online), C 13.29:26," Structural properties of ""Nelson pre-cast concrete foundation"" wall construction / ", Building materials and structures report ; 26 , https://purl.fdlp.gov/GPO/gpo98176 https://www.govinfo.gov/content/pkg/GOVPUB-C13-490b1121709d68b5616a6bab40e3aec7/pdf/GOVPUB-C13-490b1121709d68b5616a6bab40e3aec7.pdf,
001116178,110523s1947\\\\dcu\\\\\os\\\\001\0\eng\d, (OCoLC)726773980, 0241 (online), C 13.29:107, Building Code requirements for new dwelling construction :  recommended by the National Housing Agency and prepared in consultation with the National Bureau of Standards /, Building materials and structures report ; 107 , https://purl.fdlp.gov/GPO/gpo98275 https://www.govinfo.gov/content/pkg/GOVPUB-C13-563f6353cee1ac7d0c520466df3d3a9a/pdf/GOVPUB-C13-563f6353cee1ac7d0c520466df3d3a9a.pdf,
001116179,110523s1953\\\\dcua\\\\obt\\f000\0\eng\d, (OCoLC)726773981, 0241 (online), C 13.29:136, Properties of cavity walls / , Building materials and structures report ; 136 , https://purl.fdlp.gov/GPO/gpo100966 https://www.govinfo.gov/content/pkg/GOVPUB-C13-988c26f790bd4740b51659b6d24dd9a4/pdf/GOVPUB-C13-988c26f790bd4740b51659b6d24dd9a4.pdf,
001116180,110523s1939\\\\dcua\\\\ot\\\f000\0\eng\d, (OCoLC)726773984, 0241 (online), C 13.29:18," Structural properties of ""Pre-Fab"" constructions for walls, partitions, and floors sponsored by the Harnischfeger Corporation / ", Building materials and structures report ; 18 , https://purl.fdlp.gov/GPO/gpo104064 https://www.govinfo.gov/content/pkg/GOVPUB-C13-deca2e1ebd670c41c6f96a253a28d566/pdf/GOVPUB-C13-deca2e1ebd670c41c6f96a253a28d566.pdf,
001116181,110523s1951\\\\dcua\\\\obt\\f000\0\eng\d, (OCoLC)726773986, 0241 (online), C 13.29:120, Fire resistance of walls of gravel-aggregate concrete masonry units / , Building materials and structures report ; 120 , https://purl.fdlp.gov/GPO/gpo96410 https://www.govinfo.gov/content/pkg/GOVPUB-C13-2e4ec5d1d7161cf03003ab0009057f1c/pdf/GOVPUB-C13-2e4ec5d1d7161cf03003ab0009057f1c.pdf,
001116182,110523s1940\\\\dcua\\\\ot\\\f000\0\eng\d, (OCoLC)726773994, 0241 (online), C 13.29:46," Structural properties of ""Scot-Bilt"" prefabricated sheet-steel constructions for walls, floors, and roofs sponsored by the Globe-Wernicke Co / ", Building materials and structures report ; 46 , https://purl.fdlp.gov/GPO/gpo101700 https://www.govinfo.gov/content/pkg/GOVPUB-C13-ab829baa61c0c3366e8752fbae4083ce/pdf/GOVPUB-C13-ab829baa61c0c3366e8752fbae4083ce.pdf,
001116183,110523s1939\\\\dcua\\\\obt\\f000\0\eng\d, (OCoLC)726773995, 0241 (online), C 13.29:28, Backflow prevention in over-rim water supplies / , Building materials and structures report ; 28 , https://purl.fdlp.gov/GPO/gpo96037 https://www.govinfo.gov/content/pkg/GOVPUB-C13-25d093edd34dd0209d0e7b9ef328a937/pdf/GOVPUB-C13-25d093edd34dd0209d0e7b9ef328a937.pdf,
001116184,110523s1940\\\\dcua\\\\ot\\\f000\0\eng\d, (OCoLC)726795414, 0241 (online), C 13.29:57, Roofing in the United States :  results of a questionnaire /, Building materials and structures report ; 57 , https://purl.fdlp.gov/GPO/gpo100314 https://www.govinfo.gov/content/pkg/GOVPUB-C13-8810c079d846aca429c3dc47e5d2c8c3/pdf/GOVPUB-C13-8810c079d846aca429c3dc47e5d2c8c3.pdf,
001116185,110523s1939\\\\dcua\\\\obt\\f000\0\eng\d, (OCoLC)726795418, 0241 (online), C 13.29:15," Structural properties of ""Wheeling long-span steel floor"" construction sponsored by the Wheeling Corrugating Company / ", Building materials and structures report ; 15 , https://purl.fdlp.gov/GPO/gpo96641 https://www.govinfo.gov/content/pkg/GOVPUB-C13-3665f40855cab822f85c574e594fac63/pdf/GOVPUB-C13-3665f40855cab822f85c574e594fac63.pdf,
001116186,110523s1940\\\\dcua\\\\obt\\f000\0\eng\d, (OCoLC)726795419, 0241 (online), C 13.29:58, Strength of soft-soldered joints in copper tubing / , Building materials and structures report ; 58 , https://purl.fdlp.gov/GPO/gpo99842 https://www.govinfo.gov/content/pkg/GOVPUB-C13-80d29a7551da263ff23befea86554206/pdf/GOVPUB-C13-80d29a7551da263ff23befea86554206.pdf,
001116187,110523s1939\\\\dcua\\\\obt\\f000\0\eng\d, (OCoLC)726795425, 0241 (online), C 13.29:14, Indentation and recovery of low-cost floor coverings / , Building materials and structures report ; 14 , https://purl.fdlp.gov/GPO/gpo99136 https://www.govinfo.gov/content/pkg/GOVPUB-C13-6ef9f0f7823c0bdf2a68e20b96be1bb8/pdf/GOVPUB-C13-6ef9f0f7823c0bdf2a68e20b96be1bb8.pdf,
001116188,110523s1940\\\\dcua\\\\obt\\f000\0\eng\d, (OCoLC)726795426, 0241 (online), C 13.29:59, Properties of adhesives for floor coverings / , Building materials and structures report ; 59 , https://purl.fdlp.gov/GPO/gpo105104 https://www.govinfo.gov/content/pkg/GOVPUB-C13-f81868debb0889e2bd495b02bde271e3/pdf/GOVPUB-C13-f81868debb0889e2bd495b02bde271e3.pdf,
001116189,110523s1939\\\\dcu\\\\\obt\\f000\0\eng\d, (OCoLC)726795430, 0241 (online), C 13.29:13, Properties of some fiber building boards of current manufacture / , Building materials and structures report ; 13 , https://purl.fdlp.gov/GPO/gpo94478 https://www.govinfo.gov/content/pkg/GOVPUB-C13-03ae62d89eeec87af64e7607d9289679/pdf/GOVPUB-C13-03ae62d89eeec87af64e7607d9289679.pdf,
001116190,110523s1940\\\\dcu\\\\\obt\\f000\0\eng\d, (OCoLC)726795431, 0241 (online), C 13.29:60," Strength, absorption, and resistance to laboratory freezing and thawing of building bricks produced in the United States / ", Building materials and structures report ; 60 , https://purl.fdlp.gov/GPO/gpo99628 https://www.govinfo.gov/content/pkg/GOVPUB-C13-7ae081ac299d76aaba57884bb6eba771/pdf/GOVPUB-C13-7ae081ac299d76aaba57884bb6eba771.pdf,
001116191,110523s1939\\\\dcua\\\\obt\\f000\0\eng\d, (OCoLC)726795437, 0241 (online), C 13.29:12," Structural properties of ""Steelox"" constructions for walls, partitions, floors, and roofs sponsored by Steel Buildings, Inc / ", Building materials and structures report ; 12 , https://purl.fdlp.gov/GPO/gpo102821 https://www.govinfo.gov/content/pkg/GOVPUB-C13-c6a33ba2ce3d78a456f86a36d1aa6ae1/pdf/GOVPUB-C13-c6a33ba2ce3d78a456f86a36d1aa6ae1.pdf,
001116192,110523s1938\\\\dcua\\\\obt\\f000\0\eng\d, (OCoLC)726795581, 0241 (online), C 13.29:6, Survey of roofing materials in the Southeastern States / , Building materials and structures report ; 6 , https://purl.fdlp.gov/GPO/gpo103668 https://www.govinfo.gov/content/pkg/GOVPUB-C13-af3df147f1253999868a39ada7f90d91/pdf/GOVPUB-C13-af3df147f1253999868a39ada7f90d91.pdf,
001116193,110523s1938\\\\dcua\\\\obt\\f000\0\eng\d, (OCoLC)726798597, 0241 (online), C 13.29:4, Accelerated aging of fiber building boards / , Building materials and structures report ; 4 , https://purl.fdlp.gov/GPO/gpo99016 https://www.govinfo.gov/content/pkg/GOVPUB-C13-6bcbe93f30dbd8bc345d955efd99d02d/pdf/GOVPUB-C13-6bcbe93f30dbd8bc345d955efd99d02d.pdf,
001116194,110523s1940\\\\dcua\\\\obt\\\000\0\eng\d, (OCoLC)726799809, 0241 (online), C 13.29:65, Methods of estimating loads in plumbing systems / , Building materials and structures report ; 65 , https://purl.fdlp.gov/GPO/gpo101282 https://www.govinfo.gov/content/pkg/GOVPUB-C13-a13c5a2020dd0a7b1df8b91b165745ca/pdf/GOVPUB-C13-a13c5a2020dd0a7b1df8b91b165745ca.pdf,
001116195,110523s1940\\\\dcua\\\\ot\\\f000\0\eng\d, (OCoLC)726799915, 0241 (online), C 13.29:51," Structural properties of ""Tilecrete type A"" floor construction sponsored by the Tilecrete Co / ", Building materials and structures report ; 51 , https://purl.fdlp.gov/GPO/gpo99793 https://www.govinfo.gov/content/pkg/GOVPUB-C13-7f5be2daa77b6ee79088fa9ab5c511fe/pdf/GOVPUB-C13-7f5be2daa77b6ee79088fa9ab5c511fe.pdf,
001116196,110523s1940\\\\dcua\\\\ob\\\f000\0\eng\d, (OCoLC)726799922, 0241 (online), C 13.29:52, Effect of ceiling insulation upon summer comfort / , Building materials and structures report ; 52 , https://purl.fdlp.gov/GPO/gpo94988 https://www.govinfo.gov/content/pkg/GOVPUB-C13-10d751ffb3a72920900f442a75c570b4/pdf/GOVPUB-C13-10d751ffb3a72920900f442a75c570b4.pdf,
001116197,110523s1939\\\\dcua\\\\obt\\f000\0\eng\d, (OCoLC)726799932, 0241 (online), C 13.29:20," Structural properties of ""Twachtman"" constructions for walls and floors sponsored by Connecticut Pre-Cast Buildings Corporation / ", Building materials and structures report ; 20 , https://purl.fdlp.gov/GPO/gpo97822 https://www.govinfo.gov/content/pkg/GOVPUB-C13-50521911e0784c1df6b6910ac9fc22db/pdf/GOVPUB-C13-50521911e0784c1df6b6910ac9fc22db.pdf,
001116198,110523s1940\\\\dcua\\\\obt\\f000\0\eng\d, (OCoLC)726799973, 0241 (online), C 13.29:54, Effect of soot on the rating of an oil-fired heating boiler / , Building materials and structures report ; 54 , https://purl.fdlp.gov/GPO/gpo96540 https://www.govinfo.gov/content/pkg/GOVPUB-C13-3344b10e8499962a2c6b515bcde8ed1b/pdf/GOVPUB-C13-3344b10e8499962a2c6b515bcde8ed1b.pdf,
001116199,110523s1940\\\\dcu\\\\\obt\\f000\0\eng\d, (OCoLC)726799979, 0241 (online), C 13.29:55, Effects of wetting and drying on the permeability of masonry walls / , Building materials and structures report ; 55 , https://purl.fdlp.gov/GPO/gpo96177 https://www.govinfo.gov/content/pkg/GOVPUB-C13-2be42b7b6239818e2a20496f009e69f7/pdf/GOVPUB-C13-2be42b7b6239818e2a20496f009e69f7.pdf,
001116200,110523s1940\\\\dcua\\\\obt\\f000\0\eng\d, (OCoLC)726799984, 0241 (online), C 13.29:56, A survey of humidities in residences / , Building materials and structures report ; 56 , https://purl.fdlp.gov/GPO/gpo94899 https://www.govinfo.gov/content/pkg/GOVPUB-C13-0ca564419cc780d083f691f3dacc0086/pdf/GOVPUB-C13-0ca564419cc780d083f691f3dacc0086.pdf,
001116201,110523s1945\\\\dcua\\\\ot\\\f000\0\eng\d, (OCoLC)726799986, 0241 (online), C 13.29:103, Measurements of heat losses from slab floors / , Building materials and structures report ; 103 , https://purl.fdlp.gov/GPO/gpo100078 https://www.govinfo.gov/content/pkg/GOVPUB-C13-7bcd70613c559a7a53792a5afe9f8014/pdf/GOVPUB-C13-7bcd70613c559a7a53792a5afe9f8014.pdf,
001116202,110523s1942\\\\dcua\\\\obt\\f000\0\eng\d, (OCoLC)726799988, 0241 (online), C 13.29:82, Water permeability of walls built of masonry units / , Building materials and structures report ; 82 , https://purl.fdlp.gov/GPO/gpo100749 https://www.govinfo.gov/content/pkg/GOVPUB-C13-93483ecc3eb89d9e9b006efa82eac923/pdf/GOVPUB-C13-93483ecc3eb89d9e9b006efa82eac923.pdf,
001116203,110523s1943\\\\dcua\\\\obt\\f000\0\eng\d, (OCoLC)726799994, 0241 (online), C 13.29:101, Strength and resistance to corrosion of ties for cavity walls / , Building materials and structures report ; 101 , https://purl.fdlp.gov/GPO/gpo97347 https://www.govinfo.gov/content/pkg/GOVPUB-C13-3bebb6fcc3e0a3dfbb32667224c79a8e/pdf/GOVPUB-C13-3bebb6fcc3e0a3dfbb32667224c79a8e.pdf,
001116204,110523s1941\\\\dcua\\\\ot\\\f000\0\eng\d, (OCoLC)726799995, 0241 (online), C 13.29:67," Structural properties of ""Mu-Steel"" prefabricated sheet-steel constructions for walls, partitions, floors, and roofs sponsored by Herman A. Mugler / ", Building materials and structures report ; 67 , https://purl.fdlp.gov/GPO/gpo101236 https://www.govinfo.gov/content/pkg/GOVPUB-C13-a03c554cbcd0dfac537d26aade152c69/pdf/GOVPUB-C13-a03c554cbcd0dfac537d26aade152c69.pdf,
001116205,110523s1956\\\\dcua\\\\obt\\f000\0\eng\d, (OCoLC)726799996, 0241 (online), C 13.29:147, Effects of mineral additives on the durability of coating-grade roofing asphalts / , Building materials and structures report ; 147 , https://purl.fdlp.gov/GPO/gpo95104 https://www.govinfo.gov/content/pkg/GOVPUB-C13-11ab07f723ee1b6d11b9a8238a32d43c/pdf/GOVPUB-C13-11ab07f723ee1b6d11b9a8238a32d43c.pdf,
001116206,110523s1951\\\\dcua\\\\obt\\f000\0\eng\d, (OCoLC)726799998, 0241 (online), C 13.29:126, Self-siphonage of fixture traps / , Building materials and structures report ; 126 , https://purl.fdlp.gov/GPO/gpo104755 https://www.govinfo.gov/content/pkg/GOVPUB-C13-ef365ad3548de1e9c71f2e72c766bad0/pdf/GOVPUB-C13-ef365ad3548de1e9c71f2e72c766bad0.pdf,
001116207,110523s1956\\\\dcua\\\\obt\\f000\0\eng\d, (OCoLC)726800004, 0241 (online), C 13.29:146, Plasticity and water retentivity of hydrated limes for structural purposes / , Building materials and structures report ; 146 , https://purl.fdlp.gov/GPO/gpo97413 https://www.govinfo.gov/content/pkg/GOVPUB-C13-40f5fb6c5fc5624157a04ce951c6c6e9/pdf/GOVPUB-C13-40f5fb6c5fc5624157a04ce951c6c6e9.pdf,
001116208,110523s1956\\\\dcua\\\\obt\\f000\0\eng\d, (OCoLC)726800007, 0241 (online), C 13.29:145, Fire effects and fire control in nitrocellulose photographic-film storage / , Building materials and structures report ; 145 , https://purl.fdlp.gov/GPO/gpo97345 https://www.govinfo.gov/content/pkg/GOVPUB-C13-3bd8f171acd7259f99f08f441194981b/pdf/GOVPUB-C13-3bd8f171acd7259f99f08f441194981b.pdf,
001116209,110523s1943\\\\dcua\\\\obt\\f000\0\eng\d, (OCoLC)726800013, 0241 (online), C 13.29:98, Physical properties of terrazzo aggregates / , Building materials and structures report ; 98 , https://purl.fdlp.gov/GPO/gpo98285 https://www.govinfo.gov/content/pkg/GOVPUB-C13-57935973d5a770fd9b733c5a8a0dab98/pdf/GOVPUB-C13-57935973d5a770fd9b733c5a8a0dab98.pdf,
001116210,110523s1952\\\\dcua\\\\obt\\f000\0\eng\d, (OCoLC)726800015, 0241 (online), C 13.29:130, Methods and equipment for testing printed-enamel felt-base floor covering / , Building materials and structures report ; 130 , https://purl.fdlp.gov/GPO/gpo101201 https://www.govinfo.gov/content/pkg/GOVPUB-C13-9f9de69736945ad6c9c3841c7a8ade26/pdf/GOVPUB-C13-9f9de69736945ad6c9c3841c7a8ade26.pdf,
001116211,110523s1957\\\\dcua\\\\obt\\f000\0\eng\d, (OCoLC)726800016, 0241 (online), C 13.29:151, Thermal resistance of airspaces and fibrous insulations bounded by reflective surfaces / , Building materials and structures report ; 151 , https://purl.fdlp.gov/GPO/gpo104923 https://www.govinfo.gov/content/pkg/GOVPUB-C13-f35c2c46e592a7df4e0d9d85ffacc74a/pdf/GOVPUB-C13-f35c2c46e592a7df4e0d9d85ffacc74a.pdf,
001116212,110523s1939\\\\dcua\\\\obt\\f000\0\eng\d, (OCoLC)726800022, 0241 (online), C 13.29:35, Stability of sheathing papers as determined by accelerated aging / , Building materials and structures report ; 35 , https://purl.fdlp.gov/GPO/gpo98933 https://www.govinfo.gov/content/pkg/GOVPUB-C13-6984ed0b012edb0346961e85e44b262a/pdf/GOVPUB-C13-6984ed0b012edb0346961e85e44b262a.pdf,
001116213,110523s1943\\\\dcua\\\\obt\\f000\0\eng\d, (OCoLC)726800023, 0241 (online), C 13.29:97, Experimental dry-wall construction with fiber insulating board / , Building materials and structures report ; 97 , https://purl.fdlp.gov/GPO/gpo104877 https://www.govinfo.gov/content/pkg/GOVPUB-C13-f236f1e562648fd085fadf286b4c1459/pdf/GOVPUB-C13-f236f1e562648fd085fadf286b4c1459.pdf,
001116214,110523s1941\\\\dcua\\\\obt\\f000\0\eng\d, (OCoLC)726800024, 0241 (online), C 13.29:71, Fire tests of wood- and metal-framed partitions / , Building materials and structures report ; 71 , https://purl.fdlp.gov/GPO/gpo100911 https://www.govinfo.gov/content/pkg/GOVPUB-C13-96ee4864980d6079913ca8cf45d318d4/pdf/GOVPUB-C13-96ee4864980d6079913ca8cf45d318d4.pdf,
001116215,110523s1952\\\\dcua\\\\obt\\f000\0\eng\d, (OCoLC)726800025, 0241 (online), C 13.29:132, Capacities of plumbing stacks in buildings / , Building materials and structures report ; 132 , https://purl.fdlp.gov/GPO/gpo95811 https://www.govinfo.gov/content/pkg/GOVPUB-C13-224d8187dfceb1f2eea1f9f1d0e00805/pdf/GOVPUB-C13-224d8187dfceb1f2eea1f9f1d0e00805.pdf,
001116216,110523e19430318dcua\\\\ot\\\f000\0\eng\d, (OCoLC)726800034, 0241 (online), C 13.29:96, Properties of a porous concrete of cement and uniform-sized gravel / , Building materials and structures report ; 96 , https://purl.fdlp.gov/GPO/gpo102458 https://www.govinfo.gov/content/pkg/GOVPUB-C13-be7908c6c7fae78daa4ebab06bf5247f/pdf/GOVPUB-C13-be7908c6c7fae78daa4ebab06bf5247f.pdf,
001116217,110523s1941\\\\dcua\\\\obt\\f000\0\eng\d, (OCoLC)726800035, 0241 (online), C 13.29:72," Structural properties of ""Precision-built, Jr."" prefabricated wood-frame wall construction sponsored by the Homasote Co / ", Building materials and structures report ; 72 , https://purl.fdlp.gov/GPO/gpo105361 https://www.govinfo.gov/content/pkg/GOVPUB-C13-fe564e10acf7e0b7d7f1618f1076994b/pdf/GOVPUB-C13-fe564e10acf7e0b7d7f1618f1076994b.pdf,
001116218,110523s1954\\\\dcua\\\\obt\\f000\0\eng\d, (OCoLC)726800036, 0241 (online), C 13.29:143, Fire tests of brick walls / , Building materials and structures report ; 143 , https://purl.fdlp.gov/GPO/gpo95562 https://www.govinfo.gov/content/pkg/GOVPUB-C13-1d5c8bc0ba1efd1838a62c2c93b5e5b9/pdf/GOVPUB-C13-1d5c8bc0ba1efd1838a62c2c93b5e5b9.pdf,
001116219,110523s1952\\\\dcuae\\\obt\\f000\0\eng\d, (OCoLC)726800037, 0241 (online), C 13.29:133, Live loads on floors in buildings / , Building materials and structures report ; 133 , https://purl.fdlp.gov/GPO/gpo94406 https://www.govinfo.gov/content/pkg/GOVPUB-C13-03121e193fe7b5a13f0f635aaae922aa/pdf/GOVPUB-C13-03121e193fe7b5a13f0f635aaae922aa.pdf,
001116220,110523s1940\\\\dcua\\\\obt\\f000\0\eng\d, (OCoLC)726800039, 0241 (online), C 13.29:37," Structural properties of ""Palisade Homes"" constructions for walls, partitions, and floors sponsored by Palisade Homes / ", Building materials and structures report ; 37 , https://purl.fdlp.gov/GPO/gpo94750 https://www.govinfo.gov/content/pkg/GOVPUB-C13-08a219fa25a08d474ca1f2d0a85750f5/pdf/GOVPUB-C13-08a219fa25a08d474ca1f2d0a85750f5.pdf,
001116221,110523s1948\\\\dcua\\\\ot\\\f000\0\eng\d, (OCoLC)726800040, 0241 (online), C 13.29:113, Fire resistance of structural clay tile partitions / , Building materials and structures report ; 113 , https://purl.fdlp.gov/GPO/gpo100152 https://www.govinfo.gov/content/pkg/GOVPUB-C13-7d69db321101db8efbe692252672a21c/pdf/GOVPUB-C13-7d69db321101db8efbe692252672a21c.pdf,
001116222,110523s1942\\\\dcua\\\\obt\\f000\0\eng\d, (OCoLC)726800041, 0241 (online), C 13.29:93, Accumulation of moisture in walls of frame construction during winter exposure / , Building materials and structures report ; 93 , https://purl.fdlp.gov/GPO/gpo94964 https://www.govinfo.gov/content/pkg/GOVPUB-C13-0ef94e5b3fcf1fbc1843a02b1531c0b6/pdf/GOVPUB-C13-0ef94e5b3fcf1fbc1843a02b1531c0b6.pdf,
001116223,110523e19480816dcua\\\\obt\\f000\0\eng\d, (OCoLC)726800047, 0241 (online), C 13.29:112, Properties of some lightweight-aggregate concretes with and without an air-entraining admixture / , Building materials and structures report ; 112 , https://purl.fdlp.gov/GPO/gpo100153 https://www.govinfo.gov/content/pkg/GOVPUB-C13-81397f9cd32ad44e0223dd52fc0ba0cb/pdf/GOVPUB-C13-81397f9cd32ad44e0223dd52fc0ba0cb.pdf,
001116224,110523s1942\\\\dcu\\\\\os\\\f000\0\eng\d, (OCoLC)726800048, 0241 (online), C 13.29:92," Fire-resistance classifications of building constructions :  report of Subcommittee on Fire-Resistance Classifications of the Central Housing Committee on Research, Design, and Construction.", Building materials and structures report ; 92 , https://purl.fdlp.gov/GPO/gpo98146 https://www.govinfo.gov/content/pkg/GOVPUB-C13-590dac3d03839ce75bf91b25a9759abb/pdf/GOVPUB-C13-590dac3d03839ce75bf91b25a9759abb.pdf,
001116225,110523s1948\\\\dcua\\\\obt\\f000\0\eng\d, (OCoLC)726800054, 0241 (online), C 13.29:111, Performance of a coal-fired boiler converted to oil / , Building materials and structures report ; 111 , https://purl.fdlp.gov/GPO/gpo102162 https://www.govinfo.gov/content/pkg/GOVPUB-C13-b6c62a48e675abab20f4286076bd2077/pdf/GOVPUB-C13-b6c62a48e675abab20f4286076bd2077.pdf,
001116226,110523s1942\\\\dcu\\\\\od\\\f000\0\eng\d, (OCoLC)726800055, 0241 (online), C 13.29:91, A glossary of housing terms / , Building materials and structures report ; 91 , https://purl.fdlp.gov/GPO/gpo100483 https://www.govinfo.gov/content/pkg/GOVPUB-C13-8c9655555fcb9640c8e7742d3b9b7622/pdf/GOVPUB-C13-8c9655555fcb9640c8e7742d3b9b7622.pdf,
001116227,110523s1947\\\\dcua\\\\obt\\f000\0\eng\d, (OCoLC)726800061, 0241 (online), C 13.29:110, Paints for exterior masonry walls / , Building materials and structures report ; 110 , https://purl.fdlp.gov/GPO/gpo101941 https://www.govinfo.gov/content/pkg/GOVPUB-C13-b17d6d3ee9e085d116f68d05ca420f6f/pdf/GOVPUB-C13-b17d6d3ee9e085d116f68d05ca420f6f.pdf,
001116228,110523s1942\\\\dcua\\\\ot\\\f000\0\eng\d, (OCoLC)726800062, 0241 (online), C 13.29:90," Structural properties of ""PHC"" prefabricated wood-frame constructions for walls, floors, and roofs sponsored by the PHC Housing Corporation / ", Building materials and structures report ; 90 , https://purl.fdlp.gov/GPO/gpo94405 https://www.govinfo.gov/content/pkg/GOVPUB-C13-008d2742e885cd9c299813bd2e06b948/pdf/GOVPUB-C13-008d2742e885cd9c299813bd2e06b948.pdf,
001116229,110523s1940\\\\dcua\\\\obt\\f000\0\eng\d, (OCoLC)726800065, 0241 (online), C 13.29:49, Metallic roofing for low-cost house construction / , Building materials and structures report ; 49 , https://purl.fdlp.gov/GPO/gpo98223 https://www.govinfo.gov/content/pkg/GOVPUB-C13-59473df16a26364f66872b0ba3d869e8/pdf/GOVPUB-C13-59473df16a26364f66872b0ba3d869e8.pdf,
001116230,110523s1953\\\\dcua\\\\obt\\f000\0\eng\d, (OCoLC)726800067, 0241 (online), C 13.29:138, Effect of edge insulation upon temperature and condensation on concrete-slab floors / , Building materials and structures report ; 138 , https://purl.fdlp.gov/GPO/gpo96657 https://www.govinfo.gov/content/pkg/GOVPUB-C13-3706ab152e4ac567757c9840fa02b0d7/pdf/GOVPUB-C13-3706ab152e4ac567757c9840fa02b0d7.pdf,
001116231,110523s1940\\\\dcua\\\\ot\\\f000\0\eng\d, (OCoLC)726800072, 0241 (online), C 13.29:48," Structural properties of ""Precision-built"" frame wall and partition constructions sponsored by the Homasote Co / ", Building materials and structures report ; 48 , https://purl.fdlp.gov/GPO/gpo103959 https://www.govinfo.gov/content/pkg/GOVPUB-C13-dc7d0825d90685292b179dcaccc8f89c/pdf/GOVPUB-C13-dc7d0825d90685292b179dcaccc8f89c.pdf,
001116232,110523s1942\\\\dcu\\\\\obt\\f001\0\eng\d, (OCoLC)726800073, 0241 (online), C 13.29:88," Recommended building code requirements for new dwelling construction with special reference to war housing :  report of Subcommittee on Building Codes Central Housing Committee on Research, Design, and Construction.", Building materials and structures report ; 88 , https://purl.fdlp.gov/GPO/gpo98526 https://www.govinfo.gov/content/pkg/GOVPUB-C13-5ecfeda602c199b8f85eb4639a5c0334/pdf/GOVPUB-C13-5ecfeda602c199b8f85eb4639a5c0334.pdf,
001116233,110523s1949\\\\dcua\\\\obt\\f000\0\eng\d, (OCoLC)726800074, 0241 (online), C 13.29:114, Temperatures in a test bungalow with some radiant and jacketed space heaters / , Building materials and structures report ; 114 , https://purl.fdlp.gov/GPO/gpo97129 https://www.govinfo.gov/content/pkg/GOVPUB-C13-41b8fbdcc1c0165f79d94441a03b8e5e/pdf/GOVPUB-C13-41b8fbdcc1c0165f79d94441a03b8e5e.pdf,
001116234,110523s1942\\\\dcu\\\\\ot\\\f000\0\eng\d, (OCoLC)726800076, 0241 (online), C 13.29:87," A method for developing specifications for building construction :  report of Subcommittee on Specifications of the Central Housing Committee on Research, Design, and Construction.", Building materials and structures report ; 87 , https://purl.fdlp.gov/GPO/gpo104483 https://www.govinfo.gov/content/pkg/GOVPUB-C13-e8977090b064a7d23d4528dd848a0b1b/pdf/GOVPUB-C13-e8977090b064a7d23d4528dd848a0b1b.pdf,
001116235,110523s1951\\\\dcua\\\\obt\\f000\0\eng\d, (OCoLC)726800079, 0241 (online), C 13.29:121, Investigation of failures of white-coat plaster / , Building materials and structures report ; 121 , https://purl.fdlp.gov/GPO/gpo98547 https://www.govinfo.gov/content/pkg/GOVPUB-C13-5f8bfb3cbc114db05799ee978f85cf59/pdf/GOVPUB-C13-5f8bfb3cbc114db05799ee978f85cf59.pdf,
001116236,110528e19421202dcua\\\\obt\\f000\0\eng\d, (OCoLC)727562960, 0241 (online), C 13.29:94," Water permeability and weathering resistance of stucco-faced, gunite-faced, and ""knap concrete-unit"" walls / ", Building materials and structures report ; 94 , https://purl.fdlp.gov/GPO/gpo96049 https://www.govinfo.gov/content/pkg/GOVPUB-C13-26a1a11e887fd2eccd899c896cfb8096/pdf/GOVPUB-C13-26a1a11e887fd2eccd899c896cfb8096.pdf,
001116237,110528s1952\\\\dcua\\\\obt\\f000\0\eng\d, (OCoLC)727562963, 0241 (online), C 13.29:131, Fire tests of gunite slabs and partitions / , Building materials and structures report ; 131 , https://purl.fdlp.gov/GPO/gpo101752 https://www.govinfo.gov/content/pkg/GOVPUB-C13-acd6e6f8b15b9a30312f93db1edcfb08/pdf/GOVPUB-C13-acd6e6f8b15b9a30312f93db1edcfb08.pdf,
001116238,110717s1948\\\\dcuabe\\obt\\f000\0\eng\d, (OCoLC)741485516, 0241 (online), C 13.29:109, Strength of houses :  application of engineering principles to structural design /, Building materials and structures report ; 109 , https://purl.fdlp.gov/GPO/gpo104095 https://www.govinfo.gov/content/pkg/GOVPUB-C13-df8729d7fdb1810197eb138d47f70d36/pdf/GOVPUB-C13-df8729d7fdb1810197eb138d47f70d36.pdf,
001116239,110717s1952\\\\dcua\\\\ot\\\f000\0\eng\d, (OCoLC)741502747, 0241 (online), C 13.29:129, Fire resistance of shutters for moving-stairway openings / , Building materials and structures report ; 129 , https://purl.fdlp.gov/GPO/gpo100032 https://www.govinfo.gov/content/pkg/GOVPUB-C13-7e1fa52bcba851953a92c750200f9e5e/pdf/GOVPUB-C13-7e1fa52bcba851953a92c750200f9e5e.pdf,
001116240,110721s1942\\\\dcua\\\\ot\\\f000\0\eng\d, (OCoLC)741989790, 0241 (online), C 13.29:85, Dimensional changes of floor coverings with changes in relative humidity and temperature / , Building materials and structures report ; 85 , https://purl.fdlp.gov/GPO/gpo105164 https://www.govinfo.gov/content/pkg/GOVPUB-C13-f99d06fb1512f8e14962fdc0bc587f92/pdf/GOVPUB-C13-f99d06fb1512f8e14962fdc0bc587f92.pdf,
001116241,110721s1949\\\\dcua\\\\obt\\f000\0\eng\d, (OCoLC)742312733, 0241 (online), C 13.29:115, A study of a baseboard convector heating system in a test bungalow / , Building materials and structures report ; 115 , https://purl.fdlp.gov/GPO/gpo100349 https://www.govinfo.gov/content/pkg/GOVPUB-C13-8908539e101d8de4d37679efeb698389/pdf/GOVPUB-C13-8908539e101d8de4d37679efeb698389.pdf,
001116242,110725s1950\\\\dcua\\\\obt\\f000\0\eng\d, (OCoLC)742690372, 0241 (online), C 13.29:118, Stack venting of plumbing fixtures / , Building materials and structures report ; 118 , https://purl.fdlp.gov/GPO/gpo105220 https://www.govinfo.gov/content/pkg/GOVPUB-C13-faf1dcfdac92ea0a4f4585221caefdc7/pdf/GOVPUB-C13-faf1dcfdac92ea0a4f4585221caefdc7.pdf,
001116243,110725s1951\\\\dcua\\\\obt\\f000\0\eng\d, (OCoLC)743230821, 0241 (online), C 13.29:122, Physical properties of some samples of asbestos-cement siding / , Building materials and structures report ; 122 , https://purl.fdlp.gov/GPO/gpo103431 https://www.govinfo.gov/content/pkg/GOVPUB-C13-d5afa220128474ae95ee398ef4164149/pdf/GOVPUB-C13-d5afa220128474ae95ee398ef4164149.pdf,
001116244,110731e19430315dcua\\\\obt\\f000\0\eng\d, (OCoLC)744492352, 0241 (online), C 13.29:95, Tests of cement-water paints and other waterproofings for unit-masonry walls / , Building materials and structures report ; 95 , https://purl.fdlp.gov/GPO/gpo104350 https://www.govinfo.gov/content/pkg/GOVPUB-C13-e5296292cdd4c2bff4b183aa575e19e3/pdf/GOVPUB-C13-e5296292cdd4c2bff4b183aa575e19e3.pdf,
001116245,130710s1951\\\\dcua\\\\ot\\\f000\0\eng\d, (OCoLC)852446441, 0241 (online), C 13.29:125, Stone exposure test wall / , Building materials and structures report ; 125 , https://purl.fdlp.gov/GPO/gpo97095 https://www.govinfo.gov/content/pkg/GOVPUB-C13-4090fe94a4f2ae9e4c537afba8ec5355/pdf/GOVPUB-C13-4090fe94a4f2ae9e4c537afba8ec5355.pdf,
