001,008,035$a,074$a,086$a,245,830,856$u
"001074040","151026s1949\\\\mdu\\\\\ot\\\f000\0\eng\d","(OCoLC)926731530","0247 (online)","C 13.10:194","Research and development in applied optics and optical glass at the National Bureau of Standards /Irvine C. Gardner, C. H. Hahner.","National Bureau of Standards miscellaneous publication ;194.","https://doi.org/10.6028/NBS.MP.194;https://www.govinfo.gov/content/pkg/GOVPUB-C13-f4d15a5f3f2cd6cc6f14e4a586040b1a/pdf/GOVPUB-C13-f4d15a5f3f2cd6cc6f14e4a586040b1a.pdf;https://purl.fdlp.gov/GPO/gpo104971"
"001074045","151026s1952\\\\mdu\\\\\ot\\\f000\0\eng\d","(OCoLC)926731533","0247 (online)","C 13.10:203","Index to the reports of the National Conference on Weights and Measures :from the first to the thirty-sixth 1905 to 1951 /William S. Bussey, Malcolm W. Jensen.","National Bureau of Standards miscellaneous publication ;203.","https://doi.org/10.6028/NBS.MP.203;https://www.govinfo.gov/content/pkg/GOVPUB-C13-763e39130d4d7a443f96c1cc2be5da4d/pdf/GOVPUB-C13-763e39130d4d7a443f96c1cc2be5da4d.pdf;https://purl.fdlp.gov/GPO/gpo99429"
"001074047","151026s1966\\\\mdu\\\\\ot\\\f000\0\eng\d","(OCoLC)926731559","0247 (online)","C 13.10:280","Hydraulic research in the United States 1966 /Helen K. Middleton, Gershon Kulin.","National Bureau of Standards miscellaneous publication ;280.","https://doi.org/10.6028/NBS.MP.280;https://www.govinfo.gov/content/pkg/GOVPUB-C13-ab7469de65e239aad8f5f4c9790f82c8/pdf/GOVPUB-C13-ab7469de65e239aad8f5f4c9790f82c8.pdf;https://purl.fdlp.gov/GPO/gpo101696"
"001074048","151026s1951\\\\mdu\\\\\ot\\\f000\0\eng\d","(OCoLC)926731564","0247 (online)","C 13.10:201","Hydraulic research in the United States /Helen K. Middleton, Sonya W. Matchett.","National Bureau of Standards miscellaneous publication ;201.","https://doi.org/10.6028/NBS.MP.201;https://www.govinfo.gov/content/pkg/GOVPUB-C13-1bdbfed35d7bd72a211b9df2f4f6be01/pdf/GOVPUB-C13-1bdbfed35d7bd72a211b9df2f4f6be01.pdf;https://purl.fdlp.gov/GPO/gpo95670"
"001074049","151026s1952\\\\mdu\\\\\ot\\\f000\0\eng\d","(OCoLC)926731565","0247 (online)","C 13.10:205","Hydraulic research in the United States /Helen K. Middleton, Sonya W. Matchett.","National Bureau of Standards miscellaneous publication ;205.","https://doi.org/10.6028/NBS.MP.205;https://www.govinfo.gov/content/pkg/GOVPUB-C13-938ef43eb8d42ea590a5bdde853b2ea5/pdf/GOVPUB-C13-938ef43eb8d42ea590a5bdde853b2ea5.pdf;https://purl.fdlp.gov/GPO/gpo100764"
"001074050","151026s1953\\\\mdu\\\\\ot\\\f000\0\eng\d","(OCoLC)926731578","0247 (online)","C 13.10:208","Hydraulic research in the United States /Helen K. Middleton, Sonya W. Matchett.","National Bureau of Standards miscellaneous publication ;208.","https://doi.org/10.6028/NBS.MP.208;https://www.govinfo.gov/content/pkg/GOVPUB-C13-f6e3f5792002e0ec452acd1bd6d13987/pdf/GOVPUB-C13-f6e3f5792002e0ec452acd1bd6d13987.pdf;https://purl.fdlp.gov/GPO/gpo105054"
"001074057","151026s1964\\\\mdu\\\\\ot\\\f000\0\eng\d","(OCoLC)926731609","0247 (online)","C 13.10:262-1","Legibility of alphanumeric characters and other symbols I. A permuted title index and bibiography /D. Y. Cornog, F. C. Rose.","National Bureau of Standards miscellaneous publication ;262-1.","https://doi.org/10.6028/NBS.MP.262-1;https://www.govinfo.gov/content/pkg/GOVPUB-C13-bf3a2760c9853595cdc27e60192ca634/pdf/GOVPUB-C13-bf3a2760c9853595cdc27e60192ca634.pdf;https://purl.fdlp.gov/GPO/gpo102500"
"001074058","151026s1967\\\\mdu\\\\\ot\\\f000\0\eng\d","(OCoLC)926731610","0247 (online)","C 13.10:262-2","Legibility of alphanumeric characters and other symbols II. A reference handbook /D. Y. Cornog, F. C. Rose.","National Bureau of Standards miscellaneous publication ;262-2.","https://doi.org/10.6028/NBS.MP.262-2;https://www.govinfo.gov/content/pkg/GOVPUB-C13-f74621aa0e59172343ec89356c7e6ee8/pdf/GOVPUB-C13-f74621aa0e59172343ec89356c7e6ee8.pdf;https://purl.fdlp.gov/GPO/gpo105070"
"001074070","151026s1966\\\\mdu\\\\\ot\\\f000\0\eng\d","(OCoLC)926731624","0247 (online)","C 13.10:278","Bibliography on atomic transition probabilities /B. M. Glennon, W. L. Wiese.","National Bureau of Standards miscellaneous publication ;278.","https://doi.org/10.6028/NBS.MP.278;https://www.govinfo.gov/content/pkg/GOVPUB-C13-d6f15603b276271eab50d3a198ce70c5/pdf/GOVPUB-C13-d6f15603b276271eab50d3a198ce70c5.pdf;https://purl.fdlp.gov/GPO/gpo103488"
"001074072","151026s1961\\\\mdu\\\\\ot\\\f000\0\eng\d","(OCoLC)926731589","0247 (online)","C 13.10:240","Publications of the National Bureau of Standards July 1, 1957, to June 30, 1960 /Betty L. Arnold.","National Bureau of Standards miscellaneous publication ;240.","https://doi.org/10.6028/NBS.MP.240;https://www.govinfo.gov/content/pkg/GOVPUB-C13-91025eb26beadd36c085bb0b4be30d81/pdf/GOVPUB-C13-91025eb26beadd36c085bb0b4be30d81.pdf;https://purl.fdlp.gov/GPO/gpo100657"
"001074074","151026s1963\\\\mdu\\\\\ot\\\f000\0\eng\d","(OCoLC)926731626","0247 (online)","C 13.10:251","Bibliography on ignition and spark-ignition systems /G. F. Blackburn.","National Bureau of Standards miscellaneous publication ;251.","https://doi.org/10.6028/NBS.MP.251;https://www.govinfo.gov/content/pkg/GOVPUB-C13-aa26e9b69d8fc221d7cf191caa2d907d/pdf/GOVPUB-C13-aa26e9b69d8fc221d7cf191caa2d907d.pdf;https://purl.fdlp.gov/GPO/gpo101648"
"001074089","151026s1967\\\\mdu\\\\\ot\\\f000\0\eng\d","(OCoLC)926731695","0247 (online)","C 13.10:286","Units of weight and measure :international (metric) and U.S. customary (supersedes MP233) /L. J. Chisholm.","National Bureau of Standards miscellaneous publication ;286.","https://doi.org/10.6028/NBS.MP.286;https://www.govinfo.gov/content/pkg/GOVPUB-C13-a8ff2e478908a0307a1b097ecfe6a1cc/pdf/GOVPUB-C13-a8ff2e478908a0307a1b097ecfe6a1cc.pdf;https://purl.fdlp.gov/GPO/gpo101613"
"001074090","151026s1966\\\\mdu\\\\\ot\\\f000\0\eng\d","(OCoLC)926731696","0247 (online)","C 13.10:272","Report of the 50th National Conference on Weights and Measures 1965 /L. J. Chisholm.","National Bureau of Standards miscellaneous publication ;272.","https://doi.org/10.6028/NBS.MP.272;https://www.govinfo.gov/content/pkg/GOVPUB-C13-dcb3614a6a2068ee79f7c0058ef51041/pdf/GOVPUB-C13-dcb3614a6a2068ee79f7c0058ef51041.pdf;https://purl.fdlp.gov/GPO/gpo103975"
"001074091","151026s1967\\\\mdu\\\\\ot\\\f000\0\eng\d","(OCoLC)926731706","0247 (online)","C 13.10:290","Report of the 51st National Conference on Weights and Measures 1966 /L. J. Chisholm.","National Bureau of Standards miscellaneous publication ;290.","https://doi.org/10.6028/NBS.MP.290;https://www.govinfo.gov/content/pkg/GOVPUB-C13-2ba1ba63ad2962b62585c9334be280b3/pdf/GOVPUB-C13-2ba1ba63ad2962b62585c9334be280b3.pdf;https://purl.fdlp.gov/GPO/gpo96172"
"001074097","151026s1966\\\\mdu\\\\\ot\\\f000\0\eng\d","(OCoLC)926731505","0247 (online)","C 13.10:265","Dimensional metrology :subject-classified with abstracts through 1964 /Irvin H. Fullmer.","National Bureau of Standards miscellaneous publication ;265.","https://doi.org/10.6028/NBS.MP.265;https://www.govinfo.gov/content/pkg/GOVPUB-C13-6c76cfc1453f6d3c1fe7f6527ae41527/pdf/GOVPUB-C13-6c76cfc1453f6d3c1fe7f6527ae41527.pdf;https://purl.fdlp.gov/GPO/gpo99040"
"001074100","151026s1967\\\\mdu\\\\\ot\\\f000\0\eng\d","(OCoLC)926731746","0247 (online)","C 13.10:288","Directory of United States standardization activities (supersedes MP230) /Joan E. Hartman.","National Bureau of Standards miscellaneous publication ;288.","https://doi.org/10.6028/NBS.MP.288;https://www.govinfo.gov/content/pkg/GOVPUB-C13-9c81666b86ee7dffb7e3ed97e92490a9/pdf/GOVPUB-C13-9c81666b86ee7dffb7e3ed97e92490a9.pdf;https://purl.fdlp.gov/GPO/gpo101108"
"001074104","151026s1966\\\\mdu\\\\\ot\\\f000\0\eng\d","(OCoLC)926731717","0247 (online)","C 13.10:274","Periodicals and serials received in the Library of the National Bureau of Standards as of October 1965 /Natalie J. Hopper.","National Bureau of Standards miscellaneous publication ;274.","https://doi.org/10.6028/NBS.MP.274;https://www.govinfo.gov/content/pkg/GOVPUB-C13-5e73282def5dcc23fdd61e59e7ef690a/pdf/GOVPUB-C13-5e73282def5dcc23fdd61e59e7ef690a.pdf;https://purl.fdlp.gov/GPO/gpo98509"
"001074107","151026s1967\\\\mdu\\\\\ot\\\f000\0\eng\d","(OCoLC)926731774","0247 (online)","C 13.10:294","Operations research :proceedings of a conference for Washington area government agencies April 20, 1966 /J. A. Joseph.","National Bureau of Standards miscellaneous publication ;294.","https://doi.org/10.6028/NBS.MP.294;https://www.govinfo.gov/content/pkg/GOVPUB-C13-bb8f9a2af3f3067de876a78a0ad5dcd0/pdf/GOVPUB-C13-bb8f9a2af3f3067de876a78a0ad5dcd0.pdf;https://purl.fdlp.gov/GPO/gpo102344"
"001074108","151026s1960\\\\mdu\\\\\ot\\\f000\0\eng\d","(OCoLC)926731756","0247 (online)","C 13.10:233","Units of weight and measure :definitions and tables of equivalents /L. V. Judson.","National Bureau of Standards miscellaneous publication ;233.","https://doi.org/10.6028/NBS.MP.233;https://www.govinfo.gov/content/pkg/GOVPUB-C13-481eeeee60287369ea6ac5b74ec31dda/pdf/GOVPUB-C13-481eeeee60287369ea6ac5b74ec31dda.pdf;https://purl.fdlp.gov/GPO/gpo98168"
"001074109","151026s1955\\\\mdu\\\\\ot\\\f000\0\eng\d","(OCoLC)926731665","0247 (online)","C 13.10:214","Units of Weight and Measure (United States Customary and Metric) Definitions and Tables of Equivalents /L. V. Judson.","National Bureau of Standards miscellaneous publication ;214.","https://doi.org/10.6028/NBS.MP.214;https://www.govinfo.gov/content/pkg/GOVPUB-C13-2aca3b6352009e0772f04a41c2011d3c/pdf/GOVPUB-C13-2aca3b6352009e0772f04a41c2011d3c.pdf;https://purl.fdlp.gov/GPO/gpo96152"
"001074110","151026s1963\\\\mdu\\\\\ot\\\f000\0\eng\d","(OCoLC)926731758","0247 (online)","C 13.10:247","Weights and measures standards of the United States :a brief history /Lewis V. Judson.","National Bureau of Standards miscellaneous publication ;247.","https://doi.org/10.6028/NBS.MP.247;https://www.govinfo.gov/content/pkg/GOVPUB-C13-e4ebfdc3446aa55ca5b94ddf1ce10956/pdf/GOVPUB-C13-e4ebfdc3446aa55ca5b94ddf1ce10956.pdf;https://purl.fdlp.gov/GPO/gpo104337"
"001074111","151026s1967\\\\mdu\\\\\ot\\\f000\0\eng\d","(OCoLC)926731759","0247 (online)","C 13.10:289","Bibliography of low energy electron collision cross section data /L. J. Kieffer.","National Bureau of Standards miscellaneous publication ;289.","https://doi.org/10.6028/NBS.MP.289;https://www.govinfo.gov/content/pkg/GOVPUB-C13-03467753057ab71a54949661e619fd63/pdf/GOVPUB-C13-03467753057ab71a54949661e619fd63.pdf;https://purl.fdlp.gov/GPO/gpo94539"
"001074112","151026s1949\\\\mdu\\\\\ot\\\f000\0\eng\d","(OCoLC)926731679","0247 (online)","C 13.10:196","Nomograms for obtaining the compound composition of hydrated limes from the oxide analysis /Ernest M. Levin.","National Bureau of Standards miscellaneous publication ;196.","https://doi.org/10.6028/NBS.MP.196;https://www.govinfo.gov/content/pkg/GOVPUB-C13-4805afe590cac940887a35fb9ba4b68e/pdf/GOVPUB-C13-4805afe590cac940887a35fb9ba4b68e.pdf;https://purl.fdlp.gov/GPO/gpo97504"
"001074118","151026s1954\\\\mdu\\\\\ot\\\f000\0\eng\d","(OCoLC)926731797","0247 (online)","C 13.10:210","Hydraulic research in the United States /Helen K. Middleton.","National Bureau of Standards miscellaneous publication ;210.","https://doi.org/10.6028/NBS.MP.210;https://www.govinfo.gov/content/pkg/GOVPUB-C13-24682ef682efbc5949e0285d9f3fed5d/pdf/GOVPUB-C13-24682ef682efbc5949e0285d9f3fed5d.pdf;https://purl.fdlp.gov/GPO/gpo95855"
"001074119","151026s1955\\\\mdu\\\\\ot\\\f000\0\eng\d","(OCoLC)926731809","0247 (online)","C 13.10:215","Hydraulic Research in the United States 1955 /Helen K. Middleton.","National Bureau of Standards miscellaneous publication ;215.","https://doi.org/10.6028/NBS.MP.215;https://www.govinfo.gov/content/pkg/GOVPUB-C13-260efe9f46f74ac50a51b5835474ce97/pdf/GOVPUB-C13-260efe9f46f74ac50a51b5835474ce97.pdf;https://purl.fdlp.gov/GPO/gpo95890"
"001074120","151026s1956\\\\mdu\\\\\ot\\\f000\0\eng\d","(OCoLC)926731816","0247 (online)","C 13.10:218","Hydraulic Research in the United States 1956 /Helen K. Middleton.","National Bureau of Standards miscellaneous publication ;218.","https://doi.org/10.6028/NBS.MP.218;https://www.govinfo.gov/content/pkg/GOVPUB-C13-e5a0d543075be93a304e7bf71f173660/pdf/GOVPUB-C13-e5a0d543075be93a304e7bf71f173660.pdf;https://purl.fdlp.gov/GPO/gpo104370"
"001074121","151026s1957\\\\mdu\\\\\ot\\\f000\0\eng\d","(OCoLC)926731817","0247 (online)","C 13.10:221","Hydraulic Research in the United States 1957 (Including Contributions from Canadian Laboratories) /Helen K. Middleton.","National Bureau of Standards miscellaneous publication ;221.","https://doi.org/10.6028/NBS.MP.221;https://www.govinfo.gov/content/pkg/GOVPUB-C13-431a392134cf7a57d713ce8d7afadf45/pdf/GOVPUB-C13-431a392134cf7a57d713ce8d7afadf45.pdf;https://purl.fdlp.gov/GPO/gpo97438"
"001074122","151026s1958\\\\mdu\\\\\ot\\\f000\0\eng\d","(OCoLC)926731798","0247 (online)","C 13.10:224","Hydraulic Research in the United States 1958 (Including Contributions from Canadian Laboratories) /Helen K. Middleton.","National Bureau of Standards miscellaneous publication ;224.","https://doi.org/10.6028/NBS.MP.224;https://www.govinfo.gov/content/pkg/GOVPUB-C13-fc177dd0fef2959593a7c9c745cb366a/pdf/GOVPUB-C13-fc177dd0fef2959593a7c9c745cb366a.pdf;https://purl.fdlp.gov/GPO/gpo105268"
"001074123","151026s1959\\\\mdu\\\\\ot\\\f000\0\eng\d","(OCoLC)926731818","0247 (online)","C 13.10:227","Hydraulic research in the United States 1959 /Helen K. Middleton.","National Bureau of Standards miscellaneous publication ;227.","https://doi.org/10.6028/NBS.MP.227;https://www.govinfo.gov/content/pkg/GOVPUB-C13-15ddb67983ac49378609b85a0dd46342/pdf/GOVPUB-C13-15ddb67983ac49378609b85a0dd46342.pdf;https://purl.fdlp.gov/GPO/gpo95285"
"001074124","151026s1960\\\\mdu\\\\\ot\\\f000\0\eng\d","(OCoLC)926731784","0247 (online)","C 13.10:231","Hydraulic research in the United States 1960 /Helen K. Middleton.","National Bureau of Standards miscellaneous publication ;231.","https://doi.org/10.6028/NBS.MP.231;https://www.govinfo.gov/content/pkg/GOVPUB-C13-9daa0973f4a64ad045dc5093b0d5ff91/pdf/GOVPUB-C13-9daa0973f4a64ad045dc5093b0d5ff91.pdf;https://purl.fdlp.gov/GPO/gpo101152"
"001074125","151026s1961\\\\mdu\\\\\ot\\\f000\0\eng\d","(OCoLC)926731820","0247 (online)","C 13.10:238","Hydraulic research in the United States 1961 /Helen K. Middleton.","National Bureau of Standards miscellaneous publication ;238.","https://doi.org/10.6028/NBS.MP.238;https://www.govinfo.gov/content/pkg/GOVPUB-C13-5ac869558f7d6d4e1b588f58b69b4c22/pdf/GOVPUB-C13-5ac869558f7d6d4e1b588f58b69b4c22.pdf;https://purl.fdlp.gov/GPO/gpo98345"
"001074126","151026s1962\\\\mdu\\\\\ot\\\f000\0\eng\d","(OCoLC)926731726","0247 (online)","C 13.10:245","Hydraulic research in the United States 1962 /Helen K. Middleton.","National Bureau of Standards miscellaneous publication ;245.","https://doi.org/10.6028/NBS.MP.245;https://www.govinfo.gov/content/pkg/GOVPUB-C13-8b41647654b5aa0fe57a0c68b329bd95/pdf/GOVPUB-C13-8b41647654b5aa0fe57a0c68b329bd95.pdf;https://purl.fdlp.gov/GPO/gpo100431"
"001074127","151026s1963\\\\mdu\\\\\ot\\\f000\0\eng\d","(OCoLC)926731810","0247 (online)","C 13.10:249","Hydraulic research in the United States 1963 /Helen K. Middleton.","National Bureau of Standards miscellaneous publication ;249.","https://doi.org/10.6028/NBS.MP.249;https://www.govinfo.gov/content/pkg/GOVPUB-C13-a98caf02c23eb7c35af3a578ecafd0ff/pdf/GOVPUB-C13-a98caf02c23eb7c35af3a578ecafd0ff.pdf;https://purl.fdlp.gov/GPO/gpo101633"
"001074128","151026s1964\\\\mdu\\\\\ot\\\f000\0\eng\d","(OCoLC)926731738","0247 (online)","C 13.10:261","Hydraulic research in the United States 1964 /Helen K. Middleton.","National Bureau of Standards miscellaneous publication ;261.","https://doi.org/10.6028/NBS.MP.261;https://www.govinfo.gov/content/pkg/GOVPUB-C13-c2146fa3494f0ac69a582c184a2e1aae/pdf/GOVPUB-C13-c2146fa3494f0ac69a582c184a2e1aae.pdf;https://purl.fdlp.gov/GPO/gpo102638"
"001074129","151026s1965\\\\mdu\\\\\ot\\\f000\0\eng\d","(OCoLC)926731727","0247 (online)","C 13.10:270","Hydraulic research in the United States 1965 /Helen K. Middleton.","National Bureau of Standards miscellaneous publication ;270.","https://doi.org/10.6028/NBS.MP.270;https://www.govinfo.gov/content/pkg/GOVPUB-C13-18cda48cc9c2680fbfc00bd6e7a549e2/pdf/GOVPUB-C13-18cda48cc9c2680fbfc00bd6e7a549e2.pdf;https://purl.fdlp.gov/GPO/gpo95464"
"001074130","151026s1967\\\\mdu\\\\\ot\\\f000\0\eng\d","(OCoLC)926731728","0247 (online)","C 13.10:240-2","Publications of the National Bureau of Standards Supplement of MP240 /Betty L. Oberholtzer.","National Bureau of Standards miscellaneous publication ;240-2.","https://doi.org/10.6028/NBS.MP.240-2;https://www.govinfo.gov/content/pkg/GOVPUB-C13-7049c1f2c96aea4c5abcfa0b8fea0b42/pdf/GOVPUB-C13-7049c1f2c96aea4c5abcfa0b8fea0b42.pdf;https://purl.fdlp.gov/GPO/gpo99201"
"001074150","151026s1958\\\\mdu\\\\\ot\\\f000\0\eng\d","(OCoLC)926731842","0247 (online)","C 13.10:226","Research highlights of the National Bureau of Standards :annual report, fiscal year 1958 /National Bureau of Standards.","National Bureau of Standards miscellaneous publication ;226.","https://doi.org/10.6028/NBS.MP.226;https://www.govinfo.gov/content/pkg/GOVPUB-C13-47f2a5c7c234091b72a0ad68a72b4252/pdf/GOVPUB-C13-47f2a5c7c234091b72a0ad68a72b4252.pdf;https://purl.fdlp.gov/GPO/gpo98167"
"001074151","151026s1959\\\\mdu\\\\\ot\\\f000\0\eng\d","(OCoLC)926731843","0247 (online)","C 13.10:229","1959 Research Highlights of the National Bureau of Standards :annual Report, Fiscal Year 1959 /National Bureau of Standards.","National Bureau of Standards miscellaneous publication ;229.","https://doi.org/10.6028/NBS.MP.229;https://www.govinfo.gov/content/pkg/GOVPUB-C13-a3efd590fabdf987b649b29722aa4bbe/pdf/GOVPUB-C13-a3efd590fabdf987b649b29722aa4bbe.pdf;https://purl.fdlp.gov/GPO/gpo101395"
"001074152","151026s1960\\\\mdu\\\\\ot\\\f000\0\eng\d","(OCoLC)926731881","0247 (online)","C 13.10:237","Research Highlights of the National Bureau of Standards :annual Report, Fiscal Year 1960 /National Bureau of Standards.","National Bureau of Standards miscellaneous publication ;237.","https://doi.org/10.6028/NBS.MP.237;https://www.govinfo.gov/content/pkg/GOVPUB-C13-7e54e4a5fe69a2e103716130d8dc8aed/pdf/GOVPUB-C13-7e54e4a5fe69a2e103716130d8dc8aed.pdf;https://purl.fdlp.gov/GPO/gpo99754"
"001074153","151026s1961\\\\mdu\\\\\ot\\\f000\0\eng\d","(OCoLC)926731923","0247 (online)","C 13.10:242","1961 Research highlights of the National Bureau of Standards :annual report, fiscal year 1961 /National Bureau of Standards.","National Bureau of Standards miscellaneous publication ;242.","https://doi.org/10.6028/NBS.MP.242;https://www.govinfo.gov/content/pkg/GOVPUB-C13-e50f4dec53fc066584c62878f03808f4/pdf/GOVPUB-C13-e50f4dec53fc066584c62878f03808f4.pdf;https://purl.fdlp.gov/GPO/gpo104344"
"001074154","151026s1962\\\\mdu\\\\\ot\\\f000\0\eng\d","(OCoLC)926731882","0247 (online)","C 13.10:246","1962 Research highlights of the National Bureau of Standards :annual report, fiscal year 1962 /National Bureau of Standards.","National Bureau of Standards miscellaneous publication ;246.","https://doi.org/10.6028/NBS.MP.246;https://www.govinfo.gov/content/pkg/GOVPUB-C13-767c402cd692f60c5f63e44891821168/pdf/GOVPUB-C13-767c402cd692f60c5f63e44891821168.pdf;https://purl.fdlp.gov/GPO/gpo99445"
"001074155","151026s1963\\\\mdu\\\\\ot\\\f000\0\eng\d","(OCoLC)926731883","0247 (online)","C 13.10:255","1963 Research highlights of the National Bureau of Standards :annual report, fiscal year 1963 /National Bureau of Standards.","National Bureau of Standards miscellaneous publication ;255.","https://doi.org/10.6028/NBS.MP.255;https://www.govinfo.gov/content/pkg/GOVPUB-C13-daaa8e8e414a51b481ac1395f0f356d5/pdf/GOVPUB-C13-daaa8e8e414a51b481ac1395f0f356d5.pdf;https://purl.fdlp.gov/GPO/gpo103854"
"001074156","151026s1964\\\\mdu\\\\\ot\\\f000\0\eng\d","(OCoLC)926731884","0247 (online)","C 13.10:264","1964 Technical highlights of the National Bureau of Standards :annual report, fiscal year 1964 /National Bureau of Standards.","National Bureau of Standards miscellaneous publication ;264.","https://doi.org/10.6028/NBS.MP.264;https://www.govinfo.gov/content/pkg/GOVPUB-C13-245c26d803e16ab65e5b59991f9ce06b/pdf/GOVPUB-C13-245c26d803e16ab65e5b59991f9ce06b.pdf;https://purl.fdlp.gov/GPO/gpo95852"
"001074157","151026s1966\\\\mdu\\\\\ot\\\f000\0\eng\d","(OCoLC)926731942","0247 (online)","C 13.10:279","1965 Technical highlights of the National Bureau of Standards :annual report, fiscal year 1965 /National Bureau of Standards.","National Bureau of Standards miscellaneous publication ;279.","https://doi.org/10.6028/NBS.MP.279;https://www.govinfo.gov/content/pkg/GOVPUB-C13-2fb0a4c70e6d3654665a299310601595/pdf/GOVPUB-C13-2fb0a4c70e6d3654665a299310601595.pdf;https://purl.fdlp.gov/GPO/gpo96436"
"001074158","151026s1967\\\\mdu\\\\\ot\\\f000\0\eng\d","(OCoLC)926731943","0247 (online)","C 13.10:283","1966 Technical highlights of the National Bureau of Standards :annual report, fiscal year 1966 /National Bureau of Standards.","National Bureau of Standards miscellaneous publication ;283.","https://doi.org/10.6028/NBS.MP.283;https://www.govinfo.gov/content/pkg/GOVPUB-C13-0282e1c73f8d4528209cf1fc0129d2fd/pdf/GOVPUB-C13-0282e1c73f8d4528209cf1fc0129d2fd.pdf;https://purl.fdlp.gov/GPO/gpo94538"
"001074159","151026s1967\\\\mdu\\\\\ot\\\f000\0\eng\d","(OCoLC)926731896","0247 (online)","C 13.10:293","1967 Technical highlights of the National Bureau of Standards :annual report, fiscal year 1967 /National Bureau of Standards.","National Bureau of Standards miscellaneous publication ;293.","https://doi.org/10.6028/NBS.MP.293;https://www.govinfo.gov/content/pkg/GOVPUB-C13-4e5770400e63fd581388492c3c4d8d12/pdf/GOVPUB-C13-4e5770400e63fd581388492c3c4d8d12.pdf;https://purl.fdlp.gov/GPO/gpo97747"
"001074160","151026s1962\\\\mdu\\\\\ot\\\f000\0\eng\d","(OCoLC)926731977","0247 (online)","C 13.10:243","Index to the reports of the National Conference on Weights and Measures :from the first to the forty-fifth 1905 to 1960 /National Bureau of Standards.","National Bureau of Standards miscellaneous publication ;243.","https://doi.org/10.6028/NBS.MP.243;https://www.govinfo.gov/content/pkg/GOVPUB-C13-a4b3b46abe785348cbda756681baddee/pdf/GOVPUB-C13-a4b3b46abe785348cbda756681baddee.pdf;https://purl.fdlp.gov/GPO/gpo101425"
"001074161","151026s1957\\\\mdu\\\\\ot\\\f000\0\eng\d","(OCoLC)926731786","0247 (online)","C 13.10:223","Annual report 1957 National Bureau of Standards :issued for fiscal year 1957 /National Bureau of Standards.","National Bureau of Standards miscellaneous publication ;223.","https://doi.org/10.6028/NBS.MP.223;https://www.govinfo.gov/content/pkg/GOVPUB-C13-bb1ea235e625d9f6310a40138fd5cad3/pdf/GOVPUB-C13-bb1ea235e625d9f6310a40138fd5cad3.pdf;https://purl.fdlp.gov/GPO/gpo102327"
"001074162","151026s1954\\\\mdu\\\\\ot\\\f000\0\eng\d","(OCoLC)926731868","0247 (online)","C 13.10:213","Biennial report :National Bureau of Standards /National Bureau of Standards.","National Bureau of Standards miscellaneous publication ;213.","https://doi.org/10.6028/NBS.MP.213;https://www.govinfo.gov/content/pkg/GOVPUB-C13-e9a6d4a032c4fb1d9af429f4b80881a1/pdf/GOVPUB-C13-e9a6d4a032c4fb1d9af429f4b80881a1.pdf;https://purl.fdlp.gov/GPO/gpo104524"
"001074276","151026s1947\\\\mdu\\\\\ot\\\f000\0\eng\d","(OCoLC)926732392","0247 (online)","C 13.10:183","Temperature interconversion tables (Â°Cp6(""Sb0p6(""Sb2sÂ°F) and melting points of the chemical elements /National Bureau of Standards.","National Bureau of Standards miscellaneous publication ;183.","https://doi.org/10.6028/NBS.MP.183;https://www.govinfo.gov/content/pkg/GOVPUB-C13-c9027b5c0ca53c6d2f7131f2c3b6b3e8/pdf/GOVPUB-C13-c9027b5c0ca53c6d2f7131f2c3b6b3e8.pdf;https://purl.fdlp.gov/GPO/gpo102926"
"001074277","151026s1947\\\\mdu\\\\\ot\\\f000\0\eng\d","(OCoLC)926732393","0247 (online)","C 13.10:186","Report of the thirty-second national conference on weights and measures /National Bureau of Standards.","National Bureau of Standards miscellaneous publication ;186.","https://doi.org/10.6028/NBS.MP.186;https://www.govinfo.gov/content/pkg/GOVPUB-C13-00d31be32da62691c749d14299829817/pdf/GOVPUB-C13-00d31be32da62691c749d14299829817.pdf;https://purl.fdlp.gov/GPO/gpo94482"
"001074279","151026s1948\\\\mdu\\\\\ot\\\f000\0\eng\d","(OCoLC)926732395","0247 (online)","C 13.10:189","Report of the thirty-third national conference on weights and measures /National Bureau of Standards.","National Bureau of Standards miscellaneous publication ;189.","https://doi.org/10.6028/NBS.MP.189;https://www.govinfo.gov/content/pkg/GOVPUB-C13-5e00be081eaef345aaf93fb4446a6208/pdf/GOVPUB-C13-5e00be081eaef345aaf93fb4446a6208.pdf;https://purl.fdlp.gov/GPO/gpo100017"
"001074280","151026s1948\\\\mdu\\\\\ot\\\f000\0\eng\d","(OCoLC)926732389","0247 (online)","C 13.10:190","Map of standard time zones of the United States and adjacent parts of Canada and Mexico as of January 1, 1948 /National Bureau of Standards.","National Bureau of Standards miscellaneous publication ;190.","https://doi.org/10.6028/NBS.MP.190;https://www.govinfo.gov/content/pkg/GOVPUB-C13-ae15f59550f2cce616c3bbda37859cb1/pdf/GOVPUB-C13-ae15f59550f2cce616c3bbda37859cb1.pdf;https://purl.fdlp.gov/GPO/gpo101805"
"001074281","151026s1948\\\\mdu\\\\\ot\\\f000\0\eng\d","(OCoLC)926732396","0247 (online)","C 13.10:191","Charts of compressibility factors and charts showing quantities delivered by commercial cylinders for hydrogen, nitrogetn, and oxygen /National Bureau of Standards.","National Bureau of Standards miscellaneous publication ;191.","https://doi.org/10.6028/NBS.MP.191;https://www.govinfo.gov/content/pkg/GOVPUB-C13-84f8d22fa812849b3066386db90cef50/pdf/GOVPUB-C13-84f8d22fa812849b3066386db90cef50.pdf;https://purl.fdlp.gov/GPO/gpo100197"
"001074282","151026s1950\\\\mdu\\\\\ot\\\f000\0\eng\d","(OCoLC)926732425","0247 (online)","C 13.10:195","Report of the thirty-fourth national conference on weights and measures /National Bureau of Standards.","National Bureau of Standards miscellaneous publication ;195.","https://doi.org/10.6028/NBS.MP.195;https://www.govinfo.gov/content/pkg/GOVPUB-C13-ad60d2124c1fe7d548a21bf2629e0ab9/pdf/GOVPUB-C13-ad60d2124c1fe7d548a21bf2629e0ab9.pdf;https://purl.fdlp.gov/GPO/gpo101772"
"001074283","151026s1949\\\\mdu\\\\\ot\\\f000\0\eng\d","(OCoLC)926732434","0247 (online)","C 13.10:198","Annual report 1949 National Bureau of Standards /National Bureau of Standards.","National Bureau of Standards miscellaneous publication ;198.","https://doi.org/10.6028/NBS.MP.198;https://www.govinfo.gov/content/pkg/GOVPUB-C13-b3c9b109060aeb3e2a3abce6a7878b77/pdf/GOVPUB-C13-b3c9b109060aeb3e2a3abce6a7878b77.pdf;https://purl.fdlp.gov/GPO/gpo102035"
"001074284","151026s1950\\\\mdu\\\\\ot\\\f000\0\eng\d","(OCoLC)926732426","0247 (online)","C 13.10:199","Report of the thirty-fifth national conference on weights and measures /National Bureau of Standards.","National Bureau of Standards miscellaneous publication ;199.","https://doi.org/10.6028/NBS.MP.199;https://www.govinfo.gov/content/pkg/GOVPUB-C13-8ed06db0b45d1d4cbeeab1c22f1c0678/pdf/GOVPUB-C13-8ed06db0b45d1d4cbeeab1c22f1c0678.pdf;https://purl.fdlp.gov/GPO/gpo100578"
"001074285","151026s1950\\\\mdu\\\\\ot\\\f000\0\eng\d","(OCoLC)926732246","0247 (online)","C 13.10:200","Annual report 1950 National Bureau of Standards /National Bureau of Standards.","National Bureau of Standards miscellaneous publication ;200.","https://doi.org/10.6028/NBS.MP.200;https://www.govinfo.gov/content/pkg/GOVPUB-C13-8bd4adc101fd4d653feb1bdecd739f57/pdf/GOVPUB-C13-8bd4adc101fd4d653feb1bdecd739f57.pdf;https://purl.fdlp.gov/GPO/gpo100455"
"001074286","151026s1951\\\\mdu\\\\\ot\\\f000\0\eng\d","(OCoLC)926732260","0247 (online)","C 13.10:202","Report of the thirty-sixth national conference on weights and measures /National Bureau of Standards.","National Bureau of Standards miscellaneous publication ;202.","https://doi.org/10.6028/NBS.MP.202;https://www.govinfo.gov/content/pkg/GOVPUB-C13-874ddb0056e366c2b4ba05c13d898663/pdf/GOVPUB-C13-874ddb0056e366c2b4ba05c13d898663.pdf;https://purl.fdlp.gov/GPO/gpo100283"
"001074287","151026s1951\\\\mdu\\\\\ot\\\f000\0\eng\d","(OCoLC)926732261","0247 (online)","C 13.10:204","Annual report 1951 National Bureau of Standards /National Bureau of Standards.","National Bureau of Standards miscellaneous publication ;204.","https://doi.org/10.6028/NBS.MP.204;https://www.govinfo.gov/content/pkg/GOVPUB-C13-f503f4454032ea6334f840e2bf70a44b/pdf/GOVPUB-C13-f503f4454032ea6334f840e2bf70a44b.pdf;https://purl.fdlp.gov/GPO/gpo104981"
"001074288","151026s1953\\\\mdu\\\\\ot\\\f000\0\eng\d","(OCoLC)926732427","0247 (online)","C 13.10:206","Report of the thirty-seventh national conference on weights and measures /National Bureau of Standards.","National Bureau of Standards miscellaneous publication ;206.","https://doi.org/10.6028/NBS.MP.206;https://www.govinfo.gov/content/pkg/GOVPUB-C13-9a6f59e7d2b77acdc428dbe879645c3d/pdf/GOVPUB-C13-9a6f59e7d2b77acdc428dbe879645c3d.pdf;https://purl.fdlp.gov/GPO/gpo101027"
"001074289","151026s1952\\\\mdu\\\\\ot\\\f000\0\eng\d","(OCoLC)926732428","0247 (online)","C 13.10:207","Annual report 1952 National Bureau of Standards /National Bureau of Standards.","National Bureau of Standards miscellaneous publication ;207.","https://doi.org/10.6028/NBS.MP.207;https://www.govinfo.gov/content/pkg/GOVPUB-C13-6299f0b2e7265e4d1cf7068c6cbc593d/pdf/GOVPUB-C13-6299f0b2e7265e4d1cf7068c6cbc593d.pdf;https://purl.fdlp.gov/GPO/gpo100008"
"001074290","151026s1952\\\\mdu\\\\\ot\\\f000\0\eng\d","(OCoLC)926732449","0247 (online)","C 13.10:209","Report of the thirty-eighth national conference on weights and measures /National Bureau of Standards.","National Bureau of Standards miscellaneous publication ;209.","https://doi.org/10.6028/NBS.MP.209;https://www.govinfo.gov/content/pkg/GOVPUB-C13-b7bbc34ac98d4e2ca96221f280c9058e/pdf/GOVPUB-C13-b7bbc34ac98d4e2ca96221f280c9058e.pdf;https://purl.fdlp.gov/GPO/gpo102209"
"001074291","151026s1954\\\\mdu\\\\\ot\\\f000\0\eng\d","(OCoLC)926732294","0247 (online)","C 13.10:212","Report of the 39th National Conference on Weights and Measures 1954 /National Bureau of Standards.","National Bureau of Standards miscellaneous publication ;212.","https://doi.org/10.6028/NBS.MP.212;https://www.govinfo.gov/content/pkg/GOVPUB-C13-fbc71fd0e32b848f0d0775ed4e4f3079/pdf/GOVPUB-C13-fbc71fd0e32b848f0d0775ed4e4f3079.pdf;https://purl.fdlp.gov/GPO/gpo105251"
"001074292","151026s1955\\\\mdu\\\\\ot\\\f000\0\eng\d","(OCoLC)926732450","0247 (online)","C 13.10:216","Report of the 40th National Conference on Weights and Measures 1955 /National Bureau of Standards.","National Bureau of Standards miscellaneous publication ;216.","https://doi.org/10.6028/NBS.MP.216;https://www.govinfo.gov/content/pkg/GOVPUB-C13-6a71002ba3b8f169bf7ad8770cb599b3/pdf/GOVPUB-C13-6a71002ba3b8f169bf7ad8770cb599b3.pdf;https://purl.fdlp.gov/GPO/gpo98956"
"001074293","151026s1955\\\\mdu\\\\\ot\\\f000\0\eng\d","(OCoLC)926732451","0247 (online)","C 13.10:217","Annual report 1955 National Bureau of Standards /National Bureau of Standards.","National Bureau of Standards miscellaneous publication ;217.","https://doi.org/10.6028/NBS.MP.217;https://www.govinfo.gov/content/pkg/GOVPUB-C13-a1eb4028ab140b7afd467b060e68d17b/pdf/GOVPUB-C13-a1eb4028ab140b7afd467b060e68d17b.pdf;https://purl.fdlp.gov/GPO/gpo101313"
"001074294","151026s1957\\\\mdu\\\\\ot\\\f000\0\eng\d","(OCoLC)926732474","0247 (online)","C 13.10:219","Report of the 41st National Conference on Weights and Measures 1956 /National Bureau of Standards.","National Bureau of Standards miscellaneous publication ;219.","https://doi.org/10.6028/NBS.MP.219;https://www.govinfo.gov/content/pkg/GOVPUB-C13-be2b0fa84a9d53f1a2b2e48ab250b44b/pdf/GOVPUB-C13-be2b0fa84a9d53f1a2b2e48ab250b44b.pdf;https://purl.fdlp.gov/GPO/gpo102445"
"001074295","151026s1956\\\\mdu\\\\\ot\\\f000\0\eng\d","(OCoLC)926732295","0247 (online)","C 13.10:220","Annual Report 1956 National Bureau of Standards /National Bureau of Standards.","National Bureau of Standards miscellaneous publication ;220.","https://doi.org/10.6028/NBS.MP.220;https://www.govinfo.gov/content/pkg/GOVPUB-C13-391292c5d63564aca1566a6e345661a8/pdf/GOVPUB-C13-391292c5d63564aca1566a6e345661a8.pdf;https://purl.fdlp.gov/GPO/gpo96727"
"001074296","151026s1957\\\\mdu\\\\\ot\\\f000\0\eng\d","(OCoLC)926732475","0247 (online)","C 13.10:222","Report of the 42nd National Conference on Weights and Measures 1957 /National Bureau of Standards.","National Bureau of Standards miscellaneous publication ;222.","https://doi.org/10.6028/NBS.MP.222;https://www.govinfo.gov/content/pkg/GOVPUB-C13-823739df34f6bc87ed221ab73271a3d3/pdf/GOVPUB-C13-823739df34f6bc87ed221ab73271a3d3.pdf;https://purl.fdlp.gov/GPO/gpo99902"
"001074297","151026s1958\\\\mdu\\\\\ot\\\f000\0\eng\d","(OCoLC)926732488","0247 (online)","C 13.10:225","Report of the 43nd National Conference on Weights and Measures 1958 /National Bureau of Standards.","National Bureau of Standards miscellaneous publication ;225.","https://doi.org/10.6028/NBS.MP.225;https://www.govinfo.gov/content/pkg/GOVPUB-C13-88ac022686b45f3d9aae93fe72401d46/pdf/GOVPUB-C13-88ac022686b45f3d9aae93fe72401d46.pdf;https://purl.fdlp.gov/GPO/gpo100332"
"001074298","151026s1959\\\\mdu\\\\\ot\\\f000\0\eng\d","(OCoLC)926732296","0247 (online)","C 13.10:228","Report of the 44th National Conference on Weights and Measures 1959 /National Bureau of Standards.","National Bureau of Standards miscellaneous publication ;228.","https://doi.org/10.6028/NBS.MP.228;https://www.govinfo.gov/content/pkg/GOVPUB-C13-a0bfac7b412e7a1595890fbfc8d9c373/pdf/GOVPUB-C13-a0bfac7b412e7a1595890fbfc8d9c373.pdf;https://purl.fdlp.gov/GPO/gpo101254"
"001074299","151026s1960\\\\mdu\\\\\ot\\\f000\0\eng\d","(OCoLC)926732297","0247 (online)","C 13.10:235","Report of the 45th National Conference on Weights and Measures 1960 /National Bureau of Standards.","National Bureau of Standards miscellaneous publication ;235.","https://doi.org/10.6028/NBS.MP.235;https://www.govinfo.gov/content/pkg/GOVPUB-C13-e7e4dc1aecadb61ee6202b339f398d66/pdf/GOVPUB-C13-e7e4dc1aecadb61ee6202b339f398d66.pdf;https://purl.fdlp.gov/GPO/gpo104464"
"001074300","151026s1961\\\\mdu\\\\\ot\\\f000\0\eng\d","(OCoLC)926732502","0247 (online)","C 13.10:236","Standard frequencies and time signals from NBS stations WWV and WWVH /National Bureau of Standards.","National Bureau of Standards miscellaneous publication ;236.","https://doi.org/10.6028/NBS.MP.236;https://www.govinfo.gov/content/pkg/GOVPUB-C13-f2885f016ff3c65be5cda8839ccad3ef/pdf/GOVPUB-C13-f2885f016ff3c65be5cda8839ccad3ef.pdf;https://purl.fdlp.gov/GPO/gpo104893"
"001074301","151026s1962\\\\mdu\\\\\ot\\\f000\0\eng\d","(OCoLC)926732476","0247 (online)","C 13.10:239","Report of the 46th National Conference on Weights and Measures 1961 /National Bureau of Standards.","National Bureau of Standards miscellaneous publication ;239.","https://doi.org/10.6028/NBS.MP.239;https://www.govinfo.gov/content/pkg/GOVPUB-C13-e2d4bf254ba218cb119d1aeab251dfcd/pdf/GOVPUB-C13-e2d4bf254ba218cb119d1aeab251dfcd.pdf;https://purl.fdlp.gov/GPO/gpo104242"
"001074303","151026s1962\\\\mdu\\\\\ot\\\f000\0\eng\d","(OCoLC)926732478","0247 (online)","C 13.10:244","Report of the 47th National Conference on Weights and Measures 1962 /National Bureau of Standards.","National Bureau of Standards miscellaneous publication ;244.","https://doi.org/10.6028/NBS.MP.244;https://www.govinfo.gov/content/pkg/GOVPUB-C13-107a05a9c873b91cefb3cb546896b771/pdf/GOVPUB-C13-107a05a9c873b91cefb3cb546896b771.pdf;https://purl.fdlp.gov/GPO/gpo95067"
"001074304","151026s1963\\\\mdu\\\\\ot\\\f000\0\eng\d","(OCoLC)926732365","0247 (online)","C 13.10:250","Calibration and test services of the National Bureau of Standards (Notice of Change Insert sheets are included in a separate folder) /National Bureau of Standards.","National Bureau of Standards miscellaneous publication ;250.","https://doi.org/10.6028/NBS.MP.250;https://www.govinfo.gov/content/pkg/GOVPUB-C13-e5d6d0b4c4c6c56dbbeaa5ad6614877f/pdf/GOVPUB-C13-e5d6d0b4c4c6c56dbbeaa5ad6614877f.pdf;https://purl.fdlp.gov/GPO/gpo104378"
"001074305","151026s1963\\\\mdu\\\\\ot\\\f000\0\eng\d","(OCoLC)926732480","0247 (online)","C 13.10:253","Recommended unit prefixes, Defined values and conversion factors (card 1), General physical constants recommended by NAS-NRC (card 2) /National Bureau of Standards.","National Bureau of Standards miscellaneous publication ;253.","https://doi.org/10.6028/NBS.MP.253;https://www.govinfo.gov/content/pkg/GOVPUB-C13-dc85722872ab7945773bde84551dd8af/pdf/GOVPUB-C13-dc85722872ab7945773bde84551dd8af.pdf;https://purl.fdlp.gov/GPO/gpo103961"
"001074306","151026s1963\\\\mdu\\\\\ot\\\f000\0\eng\d","(OCoLC)926732524","0247 (online)","C 13.10:254","Report of the 48th National Conference on Weights and Measures 1963 /National Bureau of Standards.","National Bureau of Standards miscellaneous publication ;254.","https://doi.org/10.6028/NBS.MP.254;https://www.govinfo.gov/content/pkg/GOVPUB-C13-ccc24833a0cd050c695394416491d80e/pdf/GOVPUB-C13-ccc24833a0cd050c695394416491d80e.pdf;https://purl.fdlp.gov/GPO/gpo103083"
"001074307","151026s1965\\\\mdu\\\\\ot\\\f000\0\eng\d","(OCoLC)926732525","0247 (online)","C 13.10:263","Report of the 49th National Conference on Weights and Measures 1964 /National Bureau of Standards.","National Bureau of Standards miscellaneous publication ;263.","https://doi.org/10.6028/NBS.MP.263;https://www.govinfo.gov/content/pkg/GOVPUB-C13-84ae97af7af0d3ebb16d0ce37d6772c2/pdf/GOVPUB-C13-84ae97af7af0d3ebb16d0ce37d6772c2.pdf;https://purl.fdlp.gov/GPO/gpo100188"
"001074308","151026s1965\\\\mdu\\\\\ot\\\f000\0\eng\d","(OCoLC)926732526","0247 (online)","C 13.10:268","Electrical engineering units and constants (superseded by SP368 1976) /National Bureau of Standards.","National Bureau of Standards miscellaneous publication ;268.","https://doi.org/10.6028/NBS.MP.268;https://www.govinfo.gov/content/pkg/GOVPUB-C13-4b87d8c40a53428012e967ee61ab4958/pdf/GOVPUB-C13-4b87d8c40a53428012e967ee61ab4958.pdf;https://purl.fdlp.gov/GPO/gpo97637"
"001074309","151026s1966\\\\mdu\\\\\ot\\\f000\0\eng\d","(OCoLC)926732529","0247 (online)","C 13.10:277","Photonuclear data index /National Bureau of Standards.","National Bureau of Standards miscellaneous publication ;277.","https://doi.org/10.6028/NBS.MP.277;https://www.govinfo.gov/content/pkg/GOVPUB-C13-8e92be367d982c81adc61ec765a0afad/pdf/GOVPUB-C13-8e92be367d982c81adc61ec765a0afad.pdf;https://purl.fdlp.gov/GPO/gpo100565"
"001074310","151026s1966\\\\mdu\\\\\ot\\\f000\0\eng\d","(OCoLC)926732538","0247 (online)","C 13.10:282","The National Bureau of Standards 1966 /National Bureau of Standards.","National Bureau of Standards miscellaneous publication ;282.","https://doi.org/10.6028/NBS.MP.282;https://www.govinfo.gov/content/pkg/GOVPUB-C13-32c0b0a3675907281dab659c999874e8/pdf/GOVPUB-C13-32c0b0a3675907281dab659c999874e8.pdf;https://purl.fdlp.gov/GPO/gpo96819"
"001074313","151026s1954\\\\mdu\\\\\ot\\\f000\0\eng\d","(OCoLC)926732544","0247 (online)","C 13.10:211","American standard building code requirements for masonry /Sectional Committee on Building Code Requirements and Good Practice Recommendations for Masonry-A41,","National Bureau of Standards miscellaneous publication ;211.","https://doi.org/10.6028/NBS.MP.211;https://www.govinfo.gov/content/pkg/GOVPUB-C13-064843daf1d708f7529366e16129ee32/pdf/GOVPUB-C13-064843daf1d708f7529366e16129ee32.pdf;https://purl.fdlp.gov/GPO/gpo94630"
"001074316","151026s1960\\\\mdu\\\\\ot\\\f000\0\eng\d","(OCoLC)926732547","0247 (online)","C 13.10:234","Household weights and measures /National Bureau of Standards.","National Bureau of Standards miscellaneous publication ;234.","https://doi.org/10.6028/NBS.MP.234;https://www.govinfo.gov/content/pkg/GOVPUB-C13-6b0dfcc5ea30d8deb740640416238ed1/pdf/GOVPUB-C13-6b0dfcc5ea30d8deb740640416238ed1.pdf;https://purl.fdlp.gov/GPO/gpo98985"
"001074738","151026s1965\\\\mdu\\\\\ot\\\f000\0\eng\d","(OCoLC)926739933","0247 (online)","C 13.10:260-5","Standard reference materials :accuracy of solution x-ray spectrometric analysis of copper-base alloys/Robert Alvarez, Richard Flitsch.","National Bureau of Standards miscellaneous publication ;260-5.","https://doi.org/10.6028/NBS.SP.260-5;https://www.govinfo.gov/content/pkg/GOVPUB-C13-04d117ebc13007bdcb283045abc65d24/pdf/GOVPUB-C13-04d117ebc13007bdcb283045abc65d24.pdf;https://purl.fdlp.gov/GPO/gpo94583"
"001074747","151026s1966\\\\mdu\\\\\ot\\\f000\0\eng\d","(OCoLC)926740144","0247 (online)","C 13.10:260-11","Standard reference materials :viscosity of a standard lead-silica glass/A. Napolitano, E. G. Hawkins.","National Bureau of Standards miscellaneous publication ;260-11.","https://doi.org/10.6028/NBS.SP.260-11;https://www.govinfo.gov/content/pkg/GOVPUB-C13-5f8ce3c1b2d6bbf89e0831a7c49611f5/pdf/GOVPUB-C13-5f8ce3c1b2d6bbf89e0831a7c49611f5.pdf;https://purl.fdlp.gov/GPO/gpo98548"
"001074766","151026s1965\\\\mdu\\\\\ot\\\f000\0\eng\d","(OCoLC)926740268","0247 (online)","C 13.10:260-4","Standard reference materials :sources of information/John Hague, Thomas W. Mears.","National Bureau of Standards miscellaneous publication ;260-4.","https://doi.org/10.6028/NBS.SP.260-4;https://www.govinfo.gov/content/pkg/GOVPUB-C13-66ce574ca13de8e53e57f8e71e2b56ea/pdf/GOVPUB-C13-66ce574ca13de8e53e57f8e71e2b56ea.pdf;https://purl.fdlp.gov/GPO/gpo98826"
"001074773","151026s1967\\\\mdu\\\\\ot\\\f000\0\eng\d","(OCoLC)926740310","0247 (online)","C 13.10:260-15","Standard reference materials :recommended method of use of standard light-sensitive paper for calibrating carbon arcs used in testing textiles for colorfastness to light/Elio Passaglia, Paul J. Shouse.","National Bureau of Standards miscellaneous publication ;260-15.","https://doi.org/10.6028/NBS.SP.260-15;https://www.govinfo.gov/content/pkg/GOVPUB-C13-d9d07967fab7aca5ec82dc2e9ce1d2b7/pdf/GOVPUB-C13-d9d07967fab7aca5ec82dc2e9ce1d2b7.pdf;https://purl.fdlp.gov/GPO/gpo103818"
"001074779","151026s1966\\\\mdu\\\\\ot\\\f000\0\eng\d","(OCoLC)926740342","0247 (online)","C 13.10:260-14","Standard reference materials :determination of oxygen in ferrous materials SRM 1090, 1091, and 1092/Oscar Menis, J. T. Sterling.","National Bureau of Standards miscellaneous publication ;260-14.","https://doi.org/10.6028/NBS.SP.260-14;https://www.govinfo.gov/content/pkg/GOVPUB-C13-f60e07cc4ad4ce337693d716b4a38e9d/pdf/GOVPUB-C13-f60e07cc4ad4ce337693d716b4a38e9d.pdf;https://purl.fdlp.gov/GPO/gpo105029"
"001074782","151026s1966\\\\mdu\\\\\ot\\\f000\0\eng\d","(OCoLC)926740345","0247 (online)","C 13.10:260-12","Standard reference materials :homogeneity characterization of NBS spectrometric standards III /H. Yakowitz, D. L. Vieth.","National Bureau of Standards miscellaneous publication ;260-12.","https://doi.org/10.6028/NBS.SP.260-12;https://www.govinfo.gov/content/pkg/GOVPUB-C13-aa2c7f5af7ec3c2328a49e0cf0100f13/pdf/GOVPUB-C13-aa2c7f5af7ec3c2328a49e0cf0100f13.pdf;https://purl.fdlp.gov/GPO/gpo101652"
"001074785","151026s1964\\\\mdu\\\\\ot\\\f000\0\eng\d","(OCoLC)926740391","0247 (online)","C 13.10:260-2","Standard reference materials :preparation of NBS copper-base spectrochemical standards/Robert E. Michaelis, LeRoy L. Wyman.","National Bureau of Standards miscellaneous publication ;260-2.","https://doi.org/10.6028/NBS.SP.260-2;https://www.govinfo.gov/content/pkg/GOVPUB-C13-82a8a385e549185bda026bb2bc0ddf79/pdf/GOVPUB-C13-82a8a385e549185bda026bb2bc0ddf79.pdf;https://purl.fdlp.gov/GPO/gpo99925"
"001074786","151026s1964\\\\mdu\\\\\ot\\\f000\0\eng\d","(OCoLC)926740247","0247 (online)","C 13.10:260-1","Standard reference materials :preparation of NBS white cast iron spectrochemical standards/Robert E. Michaelis, LeRoy L. Wyman.","National Bureau of Standards miscellaneous publication ;260-1.","https://doi.org/10.6028/NBS.SP.260-1;https://www.govinfo.gov/content/pkg/GOVPUB-C13-aa22ee685e8c8453822f8d79e7c51560/pdf/GOVPUB-C13-aa22ee685e8c8453822f8d79e7c51560.pdf;https://purl.fdlp.gov/GPO/gpo101647"
"001074787","151026s1964\\\\mdu\\\\\ot\\\f000\0\eng\d","(OCoLC)926740248","0247 (online)","C 13.10:260-3","Standard reference materials :metallographic characterization of an NBS spectrometric low-alloy steel standard/R. E. Michaelis, H. Yakowitz.","National Bureau of Standards miscellaneous publication ;260-3.","https://doi.org/10.6028/NBS.SP.260-3;https://www.govinfo.gov/content/pkg/GOVPUB-C13-4bfa3088192bb534ab4a8d8430260d5f/pdf/GOVPUB-C13-4bfa3088192bb534ab4a8d8430260d5f.pdf;https://purl.fdlp.gov/GPO/gpo97651"
"001074788","151026s1965\\\\mdu\\\\\ot\\\f000\0\eng\d","(OCoLC)926740405","0247 (online)","C 13.10:260-7","Standard reference materials :methods for the chemical analysis of NBS copper-base spectrochemical standards/Rosemond K. Bell.","National Bureau of Standards miscellaneous publication ;260-7.","https://doi.org/10.6028/NBS.SP.260-7;https://www.govinfo.gov/content/pkg/GOVPUB-C13-1d1d64ad49f9bb7589a5fbd0dbb83280/pdf/GOVPUB-C13-1d1d64ad49f9bb7589a5fbd0dbb83280.pdf;https://purl.fdlp.gov/GPO/gpo95698"
"001074802","151026s1965\\\\mdu\\\\\ot\\\f000\0\eng\d","(OCoLC)926740411","0247 (online)","C 13.10:260-8","Standard reference materials :analysis of uranium concentrates at the National Bureau of Standards/M. S. Richmond.","National Bureau of Standards miscellaneous publication ;260-8.","https://doi.org/10.6028/NBS.SP.260-8;https://www.govinfo.gov/content/pkg/GOVPUB-C13-ef27f42d495564d945268cc52b863a56/pdf/GOVPUB-C13-ef27f42d495564d945268cc52b863a56.pdf;https://purl.fdlp.gov/GPO/gpo104752"
"001074803","151026s1965\\\\mdu\\\\\ot\\\f000\0\eng\d","(OCoLC)926740461","0247 (online)","C 13.10:260-6","Standard reference materials :methods for the chemical analysis of white cast iron standards/J. I. Shultz.","National Bureau of Standards miscellaneous publication ;260-6.","https://doi.org/10.6028/NBS.SP.260-6;https://www.govinfo.gov/content/pkg/GOVPUB-C13-399f521f50c7c918f8007fad81691fde/pdf/GOVPUB-C13-399f521f50c7c918f8007fad81691fde.pdf;https://purl.fdlp.gov/GPO/gpo96743"
"001074811","151026s1967\\\\mdu\\\\\ot\\\f000\0\eng\d","(OCoLC)926740515","0247 (online)","C 13.10:260-13","Standard reference materials :mossbauer spectroscopy standard for the chemical shift of iron compounds/Jon J. Spijkerman, David K. Snediker, James R. DeVoe.","National Bureau of Standards miscellaneous publication ;260-13.","https://doi.org/10.6028/NBS.SP.260-13;https://www.govinfo.gov/content/pkg/GOVPUB-C13-bb3899c1d073b26454bdb80695c9f25f/pdf/GOVPUB-C13-bb3899c1d073b26454bdb80695c9f25f.pdf;https://purl.fdlp.gov/GPO/gpo102330"
"001074816","151026s1965\\\\mdu\\\\\ot\\\f000\0\eng\d","(OCoLC)926740552","0247 (online)","C 13.10:260-9","Standard reference materials :half lives of materials used in the preparation of standard reference materials of nineteen radioactive nuclides issued by the National Bureau of Standards/S. C. Anspach, L. M. Cavallo, J. M. R. Hutchinson, C. N. Smith.","National Bureau of Standards miscellaneous publication ;260-9.","https://doi.org/10.6028/NBS.SP.260-9;https://www.govinfo.gov/content/pkg/GOVPUB-C13-9de34a80230ac70a852b89e524bff38b/pdf/GOVPUB-C13-9de34a80230ac70a852b89e524bff38b.pdf;https://purl.fdlp.gov/GPO/gpo101155"
"001074825","151026s1965\\\\mdu\\\\\ot\\\f000\0\eng\d","(OCoLC)926740576","0247 (online)","C 13.10:260-10","Standard reference materials :homogeneity characterization of NBS spectrometric standards II /H. Yakowitz, D. L. Vieth, R. E. Michaelis.","National Bureau of Standards miscellaneous publication ;260-10.","https://doi.org/10.6028/NBS.SP.260-10;https://www.govinfo.gov/content/pkg/GOVPUB-C13-9edff8902c9ee40c02271cb39061c5a0/pdf/GOVPUB-C13-9edff8902c9ee40c02271cb39061c5a0.pdf;https://purl.fdlp.gov/GPO/gpo101182"
"001116358","100316s1967\\\\dcuac\\\o\\\\\100\0\eng\d","(OCoLC)557003094","0247 (online)","C 13.10:284","Technology and world tradeproceedings.Edited by Robert L. Stern.","National Bureau of Standards miscellaneous publication ;284.","https://www.govinfo.gov/content/pkg/GOVPUB-C13-2d80dcc52f88fd01f3a877b2986f4bca/pdf/GOVPUB-C13-2d80dcc52f88fd01f3a877b2986f4bca.pdf;https://purl.fdlp.gov/GPO/gpo96227"
"001116361","100326s1966\\\\dcu\\\\\ob\\\\000\0\eng\d","(OCoLC)577341840","0247 (online)","C 13.10:276","Cooperation, convertibility, and compatibility among information systemsa literature review[by] Madeline M. Henderson [and others].","National Bureau of Standards miscellaneous publication ;276.","https://www.govinfo.gov/content/pkg/GOVPUB-C13-dd79fcc1e3f009ec5ea1af21c1cc4a09/pdf/GOVPUB-C13-dd79fcc1e3f009ec5ea1af21c1cc4a09.pdf;https://purl.fdlp.gov/GPO/gpo104004"
"001116363","100402s1966\\\\dcua\\\\ob\\\f100\0\eng\d","(OCoLC)594998100","0247 (online)","C 13.10:273","Critical phenomena :proceedings of a conference held in Washington, D.C., April 1965 /sponsored by National Bureau of Standards, National Science Foundation, Office of Naval Research ; edited by M.S. Green and J.V. Sengers.","National Bureau of Standards miscellaneous publication ;273.","https://www.govinfo.gov/content/pkg/GOVPUB-C13-256c15a8e81a7743f06d18a4088e47cd/pdf/GOVPUB-C13-256c15a8e81a7743f06d18a4088e47cd.pdf;https://purl.fdlp.gov/GPO/gpo96034"
"001116365","100423s1964\\\\dcu\\\\\ob\\\\000\0\eng\d","(OCoLC)609101325","0247 (online)","C 13.10:258","Foreign-language and English dictionaries in the physical sciences and engineeringa selected bibliography, 1952 to 1963.","National Bureau of Standards miscellaneous publication ;258.","https://www.govinfo.gov/content/pkg/GOVPUB-C13-0954f1755933a16b1ef58619a3dbd1e5/pdf/GOVPUB-C13-0954f1755933a16b1ef58619a3dbd1e5.pdf;https://purl.fdlp.gov/GPO/gpo94771"
"001116366","100423s1947\\\\dcua\\\\ob\\\f000\0\eng\d","(OCoLC)609190339","0247 (online)","C 13.10:177","Tests of instruments for the determination, indication, or recording of the specific gravities of gasesby Francis A. Smith, John H. Eiseman, and E. Carroll Creitz. Issued January 20, 1947.","National Bureau of Standards miscellaneous publication ;177.","https://www.govinfo.gov/content/pkg/GOVPUB-C13-c1028fe37fcd9da3602fc189c9830e3a/pdf/GOVPUB-C13-c1028fe37fcd9da3602fc189c9830e3a.pdf;https://purl.fdlp.gov/GPO/gpo102572"
"001116367","100423s1966\\\\dcua\\\\ob\\\f100\0\eng\d","(OCoLC)609208594","0247 (online)","C 13.10:269","Statistical association methods for mechanized documentationsymposium proceedings.Edited by Mary Elizabeth Stevens, Vincent E. Giuliano, and Laurence B. Heilprin.","National Bureau of Standards miscellaneous publication ;269.","https://www.govinfo.gov/content/pkg/GOVPUB-C13-14e5c8213b5ad089bb2a05f24cc09e94/pdf/GOVPUB-C13-14e5c8213b5ad089bb2a05f24cc09e94.pdf;https://purl.fdlp.gov/GPO/gpo95158"
"001116368","100426s1947\\\\dcu\\\\\obj\\f000\0\eng\d","(OCoLC)609469279","0247 (online)","C 13.10:184","United States patents on powder metallurgy /by Raymond E. Jager and Rolla E. Pollard.","National Bureau of Standards miscellaneous publication ;184.","https://www.govinfo.gov/content/pkg/GOVPUB-C13-569da73468758161ddea341a37c149b8/pdf/GOVPUB-C13-569da73468758161ddea341a37c149b8.pdf;https://purl.fdlp.gov/GPO/gpo98058"
"001116369","100625s1967\\\\dcu\\\\\ob\\\\000\0\eng\d","(OCoLC)643559126","0247 (online)","C 13.10:281","Bibliography on flame spectroscopy :analytical applications 1800-1966 /compiled by R. Mavrodineanu.","National Bureau of Standards miscellaneous publication ;281.","https://www.govinfo.gov/content/pkg/GOVPUB-C13-0889f3630d64d4699f5567e15405559d/pdf/GOVPUB-C13-0889f3630d64d4699f5567e15405559d.pdf;https://purl.fdlp.gov/GPO/gpo94748"
"001116372","101215s1967\\\\dcua\\\\ob\\\\000\0\eng\d","(OCoLC)693053667","0247 (online)","C 13.10:285","Nuclear science and technology for ceramistsproceedings of a symposium, April 7-12, 1966.","National Bureau of Standards miscellaneous publication ;285.","https://www.govinfo.gov/content/pkg/GOVPUB-C13-19333273bd60e5bb563d19cb62009cf4/pdf/GOVPUB-C13-19333273bd60e5bb563d19cb62009cf4.pdf;https://purl.fdlp.gov/GPO/gpo95474"
"001116373","110929s1965\\\\dcua\\\\ob\\\f100\0\eng\d","(OCoLC)755136334","0247 (online)","C 13.10:267","Systems engineering in ceramicsproceedings of a symposium, April 19, 1964.","National Bureau of Standards miscellaneous publication ;267.","https://www.govinfo.gov/content/pkg/GOVPUB-C13-50c4524ed18c14abceedae2a0c77af6a/pdf/GOVPUB-C13-50c4524ed18c14abceedae2a0c77af6a.pdf;https://purl.fdlp.gov/GPO/gpo97846"
"001116378","111115s1966\\\\dcu\\\\\ob\\\\100\0\eng\d","(OCoLC)761470219","0247 (online)","C 13.10:287","Calculation of the properties of vacancies and interstitialsproceedings.","National Bureau of Standards miscellaneous publication ;287.","https://www.govinfo.gov/content/pkg/GOVPUB-C13-f585939115cb07c60c529db385a90f09/pdf/GOVPUB-C13-f585939115cb07c60c529db385a90f09.pdf;https://purl.fdlp.gov/GPO/gpo105006"
"001116380","120408s1964\\\\dcua\\\\ob\\\f100\0\eng\d","(OCoLC)784826241","0247 (online)","C 13.10:257","Microstructure of ceramic materialsproceedings of a symposium, April 27-28, 1963.","National Bureau of Standards miscellaneous publication ;257.","https://www.govinfo.gov/content/pkg/GOVPUB-C13-5b8aa76e142915421d33dc5e56b76070/pdf/GOVPUB-C13-5b8aa76e142915421d33dc5e56b76070.pdf;https://purl.fdlp.gov/GPO/gpo100003"
"001116382","120518s1963\\\\dcu\\\\\ob\\\f000\0\eng\d","(OCoLC)793934523","0247 (online)","C 13.10:252","Survey of literature on the safety of residential chimneys and fireplaces.","National Bureau of Standards miscellaneous publication ;252.","https://www.govinfo.gov/content/pkg/GOVPUB-C13-cbacbbec107457aa89abe5f6b1e8f8fc/pdf/GOVPUB-C13-cbacbbec107457aa89abe5f6b1e8f8fc.pdf;https://purl.fdlp.gov/GPO/gpo103042"
"001116383","120518s1965\\\\dcu\\\\\oi\\\f000\0\eng\d","(OCoLC)793934632","0247 (online)","C 13.10:271","Guide to instrumentation literature[by] Julian F. Smith and W.G. Brombacher.","National Bureau of Standards miscellaneous publication ;271.","https://www.govinfo.gov/content/pkg/GOVPUB-C13-a3e851ce8c9e110029dbec13d5af6ca3/pdf/GOVPUB-C13-a3e851ce8c9e110029dbec13d5af6ca3.pdf;https://purl.fdlp.gov/GPO/gpo101392"
"001116384","120518s1967\\\\dcu\\\\\ob\\\f000\0\eng\d","(OCoLC)793934908","0247 (online)","C 13.10:292","Bibliography of Liesegang rings[by Kurt H. Stern].","National Bureau of Standards miscellaneous publication ;292.","https://www.govinfo.gov/content/pkg/GOVPUB-C13-3232039058a0db13e5cdc18dc223b008/pdf/GOVPUB-C13-3232039058a0db13e5cdc18dc223b008.pdf;https://purl.fdlp.gov/GPO/gpo96502"
"001116387","130517s1964\\\\dcu\\\\\o\\\\f000\0\eng\d","(OCoLC)843517373","0247 (online)","C 13.10:259","Selection of camera filters for color photography /[prepared by C.S. McCamy].","National Bureau of Standards miscellaneous publication ;259.","https://www.govinfo.gov/content/pkg/GOVPUB-C13-685868df55ed7fa243e89dd667a9888b/pdf/GOVPUB-C13-685868df55ed7fa243e89dd667a9888b.pdf;https://purl.fdlp.gov/GPO/gpo100004"
"001116388","130517s1963\\\\dcua\\\\ob\\\f100\0\eng\d","(OCoLC)843517381","0247 (online)","C 13.10:248","Proceedings of the 1962 Standards Laboratory Conference /presented by the National Conference of Standards Laboratories, August 8, 9, 10, 1962, National Bureau of Standards, Boulder Laboratories, Boulder, Colorado.","National Bureau of Standards miscellaneous publication ;248.","https://www.govinfo.gov/content/pkg/GOVPUB-C13-443e9321722406b3b0a0791ed7787cca/pdf/GOVPUB-C13-443e9321722406b3b0a0791ed7787cca.pdf;https://purl.fdlp.gov/GPO/gpo97450"
"001116392","130713s1949\\\\dcua\\\\ob\\\f000\0\eng\d","(OCoLC)852766868","0247 (online)","C 13.10:193","Laboratory and service tests of hand luggage /by Edward T. Steiner, Robert B. Hobbs and Elizabeth R. Hosterman.","National Bureau of Standards miscellaneous publication ;193.","https://www.govinfo.gov/content/pkg/GOVPUB-C13-2c0008c53e83a72df10dfd9b3bf2f1b8/pdf/GOVPUB-C13-2c0008c53e83a72df10dfd9b3bf2f1b8.pdf;https://purl.fdlp.gov/GPO/gpo96373"
"001116393","130713s1948\\\\dcua\\\\ob\\\f100\0\eng\d","(OCoLC)852766873","0247 (online)","C 13.10:192","New advances in printed circuits :proceedings of the First Technical Symposium on Printed Circuits held October 15, 1947, in Washington, D.C., under the sponsorship of the Aeronautical Board and technical direction of the National Bureau of Standards.","National Bureau of Standards miscellaneous publication ;192.","https://www.govinfo.gov/content/pkg/GOVPUB-C13-ca97235cdcd4a4bcd6026d01da1df64e/pdf/GOVPUB-C13-ca97235cdcd4a4bcd6026d01da1df64e.pdf;https://purl.fdlp.gov/GPO/gpo102990"
"001116394","130713s1947\\\\dcu\\\\\ob\\\f000\0\eng\d","(OCoLC)852766878","0247 (online)","C 13.10:185","Rubber research and technology at the National Bureau of Standards /by Lawrence A. Wood.","National Bureau of Standards miscellaneous publication ;185.","https://www.govinfo.gov/content/pkg/GOVPUB-C13-8b1b32a3f1526eebf07bca6a45affbd4/pdf/GOVPUB-C13-8b1b32a3f1526eebf07bca6a45affbd4.pdf;https://purl.fdlp.gov/GPO/gpo100419"
"001116407","130713s1960\\\\dcu\\\\\or\\\f001\0\eng\d","(OCoLC)852766949","0247 (online)","C 13.10:230","Standardization activities in the United Statesa descriptive directory.","National Bureau of Standards miscellaneous publication ;230.","https://www.govinfo.gov/content/pkg/GOVPUB-C13-870e8763cae1a35f1fa3ebd7147cab38/pdf/GOVPUB-C13-870e8763cae1a35f1fa3ebd7147cab38.pdf;https://purl.fdlp.gov/GPO/gpo100276"
"001116409","130713s1946\\\\dcua\\\\ob\\\f000\0\eng\d","(OCoLC)852766959","0247 (online)","C 13.10:182","Development of standards for flexible caselining materialsby Bourdon W. Scribner, Frederick T. Carson, and Charles G. Weber. Issued September 23, 1946.","National Bureau of Standards miscellaneous publication ;182.","https://www.govinfo.gov/content/pkg/GOVPUB-C13-fa766f6d79edb8f77a55ee3d042b2ca0/pdf/GOVPUB-C13-fa766f6d79edb8f77a55ee3d042b2ca0.pdf;https://purl.fdlp.gov/GPO/gpo105206"
"001116413","140730s1964\\\\dcua\\\\ob\\\f100\0\engsd","(OCoLC)885061001","0247 (online)","C 13.10:256","Ellipsometry in the measurement of surfaces and thin filmssymposium proceedings.","National Bureau of Standards miscellaneous publication ;256.","https://www.govinfo.gov/content/pkg/GOVPUB-C13-ec27e7def6e3a080a94f6189dec5c769/pdf/GOVPUB-C13-ec27e7def6e3a080a94f6189dec5c769.pdf;https://purl.fdlp.gov/GPO/gpo104633"
"001116423","140803s1947\\\\dcu\\\\\or\\\f000\0\eng\d","(OCoLC)885175141","0247 (online)","C 13.10:187","Directory of commercial and college laboratories :issued August 30, 1947 /compiled by Ann E. Rapuzzi.","National Bureau of Standards miscellaneous publication ;187.","https://www.govinfo.gov/content/pkg/GOVPUB-C13-956d3990e1ec04223e76fd19bc70c8af/pdf/GOVPUB-C13-956d3990e1ec04223e76fd19bc70c8af.pdf;https://purl.fdlp.gov/GPO/gpo100840"
"001116424","140803s1948\\\\dcua\\\\ob\\\f000\0\eng\d","(OCoLC)885175142","0247 (online)","C 13.10:188","Microbiological deterioration of organic materialsits prevention and methods of test.","National Bureau of Standards miscellaneous publication ;188.","https://www.govinfo.gov/content/pkg/GOVPUB-C13-b70ce37c7749c7a1a7ab0a4baad8840b/pdf/GOVPUB-C13-b70ce37c7749c7a1a7ab0a4baad8840b.pdf;https://purl.fdlp.gov/GPO/gpo102171"
"001116425","140921s1962\\\\dcuao\\\obc\\f000\0\eng\d","(OCoLC)891014336","0247 (online)","C 13.10:241","Standard materials issued by the National Bureau of Standards :a descriptive list with prices.","National Bureau of Standards miscellaneous publication ;241.","https://www.govinfo.gov/content/pkg/GOVPUB-C13-56dc77987e0eb6c997d7f77c0b00d533/pdf/GOVPUB-C13-56dc77987e0eb6c997d7f77c0b00d533.pdf;https://purl.fdlp.gov/GPO/gpo98065"
"001116429","180511s1967\\\\dcu\\\\\o\\\\\100\0\eng\d","(OCoLC)1035555758","0247 (online)","C 13.10:291","Proceedings of the 1966 standards laboratory conference presented ...[electronic resource] :May 9-12, 1966, National Bureau of Standards ... Washington /[foreword by A.V. Astin].","National Bureau of Standards miscellaneous publication ;291.","https://www.govinfo.gov/content/pkg/GOVPUB-C13-6adfa9301639f3bb41449f2bc208d747/pdf/GOVPUB-C13-6adfa9301639f3bb41449f2bc208d747.pdf;https://purl.fdlp.gov/GPO/gpo98976"
